雪/降る,5
両方/垂れる,1
胸/出る,1
キムチ/落ちる,1
なに/足りる,1
的/溢れる,1
日/落ちる,1
天井/起こす,1
口/たれる,1
今/降る,1
水滴/落ちる,1
天井/覚める,1
口/泣く,1
メッセージ/落っこちる,1
日/なる,1
血/ぼる,1
血/落ちる,1
涙/こぼれる,1
目/出る,1
雪/取り替える,1
黄身/落ちる,1
雪/積もる,1
雪/する,1
雪/たてる,1
腕/落ちる,1
汁/まくる,1
間/する,1
場/垂れる,1
涙/溢れる,1
様/する,1
涙/落ちる,1
口/こぼす,1
横/こぼす,1
みぞ/落ちる,1
水滴/垂らす,1
うろこ/落ちる,1
少なめ/落ちる,1
意味/流れる,1
滴/落とす,1
インク/汚れる,1
うろこ/出る,1
程度/降り続く,1
コタツ/降り続く,1
黄身/たれる,1
水/垂れる,1
半生/たれる,1
時間/流す,1
最初/煮る,1
涙/あふれる,1
気/積もる,1
玉/こぼれ落ちる,1
肉汁/垂らす,1
汗/垂れる,1
呼吸/落とす,1
汗/滴る,1
雨/落っこちる,1
朝/降りる,1
来年/しれる,1
血/垂れる,1
雪/落ちる,1
跡/落ちる,1
アイシング/垂れる,1
静か/降る,1
これ/たらす,1
とき/こぼれる,1
涙/いる,1
ぼたん雪/降る,1
もん/降る,1
原因/垂れる,1
淵/落ちる,1
方面/降る,1
昨日/降る,1
