涙/する,1100
ん/する,1076
中/する,1025
涙/くる,865
中/くる,793
ん/くる,738
はず/する,618
涙/れる,576
人/する,570
ん/れる,561
中/れる,547
歌/する,520
涙/てる,510
涙/いく,506
目/する,506
ん/とく,500
口/する,487
私/する,481
涙/落ちる,472
中/てる,472
ん/泣く,472
さん/する,465
中/いく,463
ん/てる,452
ん/いく,451
涙/泣く,438
涙/とく,438
中/とく,434
涙/流れる,433
中/泣く,430
ん/流れる,429
中/落ちる,425
涙/なる,418
中/流れる,417
あなた/する,412
わたし/する,412
はず/くる,411
顔/する,410
変/する,410
涙/ある,402
人/くる,398
乾燥/する,394
青年/する,392
ん/落ちる,390
笑/する,388
中/ある,382
歌/くる,382
舞台/する,376
涙/しまう,375
私/くる,373
目/くる,373
口/くる,372
涙/いる,369
涙/語る,357
涙/越える,357
涙/話す,357
の/する,356
ん/ある,356
曲/する,352
なに/する,350
さん/くる,349
ん/越える,347
ん/語る,347
ん/話す,347
涙/くれる,345
前/する,344
子/する,344
中/なる,342
中/いる,339
中/越える,336
中/語る,336
中/話す,336
涙/出る,335
はず/れる,324
中/くれる,319
中/しまう,318
ん/くれる,313
ん/いる,309
中/出る,306
ん/しまう,306
ん/なる,303
涙/言う,301
はず/とく,300
順番/する,300
人/れる,299
涙/握りしめる,297
笑/くる,297
青年/くる,293
話/する,292
ん/握りしめる,290
時/する,289
撮影/する,288
はず/泣く,279
心/する,276
歌/れる,275
わたし/くる,274
顔/くる,274
あなた/くる,274
変/くる,274
中/握りしめる,273
乾燥/くる,270
なに/くる,270
目/れる,268
中/言う,266
舞台/くる,264
人/とく,260
口/れる,259
の/くる,258
曲/くる,256
はず/てる,255
私/れる,254
はず/いく,252
人/泣く,252
子/くる,251
ん/くむ,250
ん/出す,250
さん/れる,249
はず/流れる,249
ん/出る,249
前/くる,248
ん/く,246
ん/いう,246
ん/上げる,246
感動/する,244
人/てる,242
人/いく,239
人/流れる,234
撮影/くる,230
ん/進む,230
歌/てる,226
目/とく,226
心/くる,225
歌/泣く,224
歌/とく,224
目/てる,224
口/てる,223
歌/いく,223
私/てる,223
私/いく,221
目/いく,221
口/いく,220
涙/進む,219
ん/言う,219
涙/いう,219
涙/く,219
目/泣く,219
涙/くむ,219
涙/出す,219
涙/上げる,219
涙/感じる,219
涙/紡ぐ,219
一/する,217
中/く,217
中/出す,217
中/くむ,217
中/上げる,217
歌/流れる,217
中/いう,217
わたし/れる,216
あなた/れる,216
涙/すむ,216
順番/くる,215
中/進む,215
顔/れる,214
ん/紡ぐ,214
話/くる,214
変/れる,214
ん/感じる,214
はず/落ちる,213
青年/れる,213
中/紡ぐ,211
涙/届く,211
中/感じる,211
涙/始める,211
人/落ちる,210
目/流れる,209
僕/する,208
歌/落ちる,208
時/くる,207
殻/する,207
つぼみ/する,207
さん/てる,207
地面/する,207
音/する,206
嘘/する,206
乾燥/れる,206
永遠/する,206
年生/する,205
大会/する,205
やから/する,205
涙/落とす,204
口/とく,204
笑/れる,203
さん/いく,203
なみ/する,203
いつ/する,203
部屋/する,203
引越し/する,203
ため/する,203
とき/する,203
中/すむ,202
はず/話す,201
はず/ある,201
はず/越える,201
私/落ちる,201
はず/語る,201
あなた/とく,200
キッチン/する,200
私/とく,200
頭/する,200
舞台/れる,200
わたし/とく,200
葉っぱ/する,200
口/泣く,199
口/落ちる,199
目/落ちる,198
私/泣く,198
中/届く,198
中/始める,198
さん/とく,198
さん/泣く,198
省エネ/する,197
空気/する,197
暖房/する,197
肌/する,197
モード/する,197
角質/する,197
人/ある,196
変/とく,196
顔/とく,196
涙/降り注ぐ,195
ともだち/する,194
連絡/する,194
ん/すむ,192
室/する,191
涙/伝える,191
診察/する,191
涙/できる,191
歌/ある,190
私/流れる,190
さん/流れる,189
の/れる,189
さん/落ちる,189
邪魔/する,188
化粧/する,188
嫌/する,188
涙/ひび割れる,187
口/流れる,187
曲/れる,186
あなた/泣く,186
わたし/泣く,186
中/降り注ぐ,186
声/する,185
曽我部/する,185
簡単/する,185
灯り/する,185
感動/くる,185
白壁/する,185
色/する,185
恵一/する,185
顔/泣く,184
変/泣く,184
なに/れる,184
０/する,184
涙/弾く,183
前/れる,183
目/ある,182
ん/届く,182
不明/する,182
意味/する,182
嵐/する,182
ん/始める,182
やりとり/する,182
中/伝える,181
人/越える,181
涙/おちる,181
中/できる,181
子/れる,181
人/話す,181
人/語る,181
乾燥/とく,180
青年/てる,177
笑/てる,177
はず/くれる,177
生/する,176
私/ある,176
乾燥/泣く,176
バラード/する,176
中/ひび割れる,176
ダンス/する,176
かも/する,176
口/なる,176
最高/する,176
涙/信じる,175
笑/いく,174
冒頭/する,172
たび/する,172
私/なる,172
映像/する,172
結局/する,172
ら/する,172
最後/する,172
青年/いく,172
あら/する,172
内容/する,172
はず/いる,171
さん/ある,171
涙/あふれる,171
口/ある,171
中/弾く,171
涙/だす,171
変/てる,170
顔/てる,170
わたし/てる,170
あなた/てる,170
歌/いる,169
人/いる,169
人/くれる,169
先生/する,168
顔/いく,168
本音/する,168
あなた/いく,168
青年/とく,168
好き/する,168
久しぶり/する,168
生活/する,168
わたし/いく,168
嫌味/する,168
舞台/とく,168
結婚/する,168
ユーモア/する,168
変/いく,168
舞台/泣く,168
こと/する,168
涙/かける,167
あなた/流れる,166
わたし/流れる,166
口/語る,166
顔/流れる,166
口/越える,166
乾燥/てる,166
口/話す,166
変/流れる,166
はず/握りしめる,165
目/語る,164
乾燥/いく,164
目/越える,164
目/話す,164
頬/する,164
青年/泣く,163
歌/越える,163
歌/話す,163
歌/語る,163
笑/落ちる,162
はず/しまう,162
順番/れる,162
中/信じる,161
中/落とす,161
人/しまう,160
なに/いく,160
抽選/する,160
結果/する,160
登録/する,160
サブ/する,160
なに/てる,160
歌/しまう,160
舞台/てる,160
乾燥/流れる,160
笑/とく,158
舞台/いく,158
目/いる,158
笑/泣く,158
私/語る,158
私/話す,158
私/越える,158
歌/くれる,157
私/いる,157
ん/降り注ぐ,157
の/とく,156
中/だす,156
口/しまう,156
前/とく,156
の/泣く,156
０/くる,156
中/あふれる,156
話/れる,155
笑/流れる,155
口/いる,155
青年/落ちる,155
私/しまう,155
撮影/れる,154
の/てる,154
舞台/流れる,154
人/なる,153
はず/なる,153
歌/なる,153
さん/いる,153
目/なる,153
子/とく,152
時/れる,152
曲/泣く,152
曲/てる,152
の/いく,152
曲/とく,152
ん/できる,152
人/握りしめる,152
ん/伝える,152
目/くれる,152
子/てる,152
前/泣く,151
中/かける,151
前/てる,151
一/くる,151
口/くれる,151
私/くれる,151
青年/流れる,151
さん/話す,150
はず/くむ,150
さん/語る,150
はず/出す,150
曲/いく,150
子/いく,150
さん/越える,150
涙/建つ,150
前/いく,149
子/泣く,149
目/しまう,149
の/流れる,148
なに/落ちる,148
ん/ひび割れる,147
はず/上げる,147
はず/く,147
はず/いう,147
曲/流れる,146
私/出る,145
さん/なる,145
コンタクト/する,144
さん/くれる,144
さん/しまう,144
途中/する,144
人形/する,144
リサ/する,144
さま/する,144
苦戦/する,144
パ/する,144
メガネ/する,144
涙/こぼれる,144
なに/泣く,144
カット/する,144
チリ/する,144
なに/とく,144
レナ/する,144
口/出る,144
かなり/する,144
あと/する,144
心/れる,143
乾燥/落ちる,142
わたし/落ちる,142
舞台/落ちる,142
ん/弾く,142
変/落ちる,142
笑/ある,142
顔/落ちる,142
あなた/落ちる,142
なに/流れる,141
子/流れる,141
曲/落ちる,140
闇/する,140
中/おちる,140
の/落ちる,139
ん/落とす,139
前/流れる,139
青年/越える,138
青年/語る,138
青年/話す,138
殻/くる,137
地面/くる,137
つぼみ/くる,137
嘘/くる,137
永遠/くる,137
引越し/くる,137
僕/くる,137
やから/くる,137
とき/くる,137
ため/くる,137
なみ/くる,137
音/くる,137
いつ/くる,137
大会/くる,137
年生/くる,137
部屋/くる,137
撮影/てる,136
頭/くる,136
笑/なる,136
葉っぱ/くる,136
歌/握りしめる,136
心/てる,136
きっかけ/する,136
もの/する,136
キッチン/くる,136
目/出る,135
人/出る,135
歌/出る,135
はず/進む,135
空気/くる,135
モード/くる,135
省エネ/くる,135
はず/出る,135
青年/ある,135
角質/くる,135
暖房/くる,135
肌/くる,135
順番/とく,134
ともだち/くる,134
あなた/語る,134
変/ある,134
顔/ある,134
わたし/語る,134
あなた/越える,134
わたし/話す,134
舞台/ある,134
わたし/ある,134
わたし/越える,134
撮影/いく,134
連絡/くる,134
あなた/ある,134
目/握りしめる,134
あなた/話す,134
乾燥/ある,134
室/くる,133
子/落ちる,133
中/建つ,133
診察/くる,133
嫌/くる,132
変/話す,132
顔/語る,132
口/握りしめる,132
変/越える,132
化粧/くる,132
顔/話す,132
変/語る,132
ん/信じる,132
顔/越える,132
邪魔/くる,132
心/いく,132
色/くる,131
白壁/くる,131
私/握りしめる,131
曽我部/くる,131
青年/なる,131
灯り/くる,131
恵一/くる,131
声/くる,131
前/落ちる,131
順番/てる,131
簡単/くる,131
人/く,130
人/くむ,130
さん/出る,130
不明/くる,130
人/出す,130
人/上げる,130
嵐/くる,130
なに/ある,130
人/いう,130
話/てる,130
口/言う,130
意味/くる,130
やりとり/くる,130
の/ある,129
順番/泣く,129
時/とく,128
生/くる,128
かも/くる,128
私/言う,128
バラード/くる,128
曲/ある,128
最高/くる,128
順番/いく,128
ダンス/くる,128
笑/いる,128
最後/くる,127
時/てる,127
話/いく,127
あら/くる,127
感動/れる,127
結局/くる,127
ん/だす,127
ら/くる,127
たび/くる,127
笑/しまう,127
冒頭/くる,127
映像/くる,127
ん/あふれる,127
内容/くる,127
本音/くる,126
生活/くる,126
涙/みる,126
久しぶり/くる,126
話/とく,126
結婚/くる,126
嫌味/くる,126
中/こぼれる,126
こと/くる,126
好き/くる,126
先生/くる,126
なに/なる,126
人/進む,126
ユーモア/くる,126
頬/くる,125
青年/いる,125
笑/越える,124
ん/おちる,124
乾燥/越える,124
時/いく,124
撮影/落ちる,124
乾燥/語る,124
笑/話す,124
乾燥/話す,124
笑/語る,124
話/泣く,123
抽選/くる,123
結果/くる,123
はず/感じる,123
子/ある,123
サブ/くる,123
登録/くる,123
青年/くれる,123
心/落ちる,123
さん/握りしめる,123
はず/紡ぐ,123
ん/かける,122
時/泣く,122
前/ある,121
笑/くれる,120
撮影/とく,120
青年/しまう,120
心/なる,120
撮影/泣く,120
涙/痛む,120
撮影/流れる,120
涙/零れる,120
眼/する,120
顔/くれる,118
あなた/くれる,118
舞台/語る,118
乾燥/くれる,118
人/紡ぐ,118
人/感じる,118
わたし/くれる,118
変/くれる,118
舞台/越える,118
舞台/話す,118
歌/言う,117
人/言う,117
はず/言う,117
目/言う,117
順番/流れる,117
なに/いる,116
こちら/する,116
かお/する,116
なに/しまう,116
カット/くる,115
苦戦/くる,115
かなり/くる,115
コンタクト/くる,115
レナ/くる,115
人形/くる,115
あと/くる,115
話/流れる,115
さま/くる,115
チリ/くる,115
リサ/くる,115
パ/くる,115
途中/くる,115
メガネ/くる,115
前/話す,114
乾燥/いる,114
舞台/いる,114
顔/いる,114
変/いる,114
あなた/いる,114
わたし/いる,114
前/語る,114
曲/いる,114
前/越える,114
涙/言える,114
涙/はじめる,114
舞台/くれる,114
青年/出る,113
目/出す,113
闇/くる,113
さん/言う,113
順番/落ちる,113
時/流れる,113
話/落ちる,113
目/くむ,113
歌/いう,112
目/いう,112
なに/越える,112
歌/出す,112
歌/く,112
の/いる,112
目/上げる,112
お家/する,112
笑/出る,112
の/越える,112
歌/上げる,112
歌/感じる,112
の/語る,112
プレゼント/する,112
歌/くむ,112
歌/紡ぐ,112
一/れる,112
素敵/する,112
歌/進む,112
撮影/ある,112
目/く,112
なに/語る,112
の/話す,112
なに/話す,112
きっかけ/くる,111
感動/てる,111
もの/くる,111
子/越える,110
子/話す,110
僕/れる,110
顔/握りしめる,110
わたし/握りしめる,110
曲/越える,110
曲/話す,110
曲/語る,110
変/握りしめる,110
あなた/握りしめる,110
子/語る,110
つぼみ/れる,109
殻/れる,109
時/落ちる,109
地面/れる,109
涙/動く,108
目/進む,108
音/れる,108
歌/すむ,108
乾燥/しまう,108
わたし/しまう,108
はず/すむ,108
変/しまう,108
記憶/する,108
あなた/しまう,108
舞台/しまう,108
顔/しまう,108
涙/貼れる,108
曲/しまう,108
永遠/れる,108
人/すむ,108
なに/くれる,108
最近/する,108
嘘/れる,108
の/くれる,108
感動/いく,108
ん/建つ,107
大会/れる,107
やから/れる,107
年生/れる,107
の/しまう,106
乾燥/握りしめる,106
子/いる,106
曲/くれる,106
なみ/れる,105
ため/れる,105
中/みる,105
青年/握りしめる,105
引越し/れる,105
部屋/れる,105
いつ/れる,105
とき/れる,105
いま/する,104
前/いる,104
葉っぱ/れる,104
目/紡ぐ,104
す/する,104
ユニ/する,104
キッチン/れる,104
ギター/する,104
くん/する,104
頭/れる,104
子/くれる,104
後ろ/する,104
カルテット/する,104
順番/語る,104
うさぎ/する,104
順番/話す,104
目/感じる,104
口/出す,104
順番/越える,104
コーン/する,104
肌/れる,103
省エネ/れる,103
空気/れる,103
笑/握りしめる,103
暖房/れる,103
青年/言う,103
角質/れる,103
モード/れる,103
はず/届く,102
連絡/れる,102
なに/出る,102
人/届く,102
子/なる,102
の/なる,102
０/れる,102
ともだち/れる,102
あなた/なる,102
曲/なる,102
人/始める,102
心/とく,102
撮影/なる,102
乾燥/なる,102
眼/くる,102
前/くれる,102
わたし/なる,102
心/流れる,102
舞台/なる,102
前/なる,102
心/泣く,102
変/なる,102
ん/こぼれる,102
はず/始める,102
口/くむ,102
歌/届く,102
歌/始める,102
顔/なる,102
感動/落ちる,101
口/上げる,101
口/いう,101
口/く,101
心/ある,101
室/れる,101
順番/ある,101
診察/れる,101
話/ある,101
嫌/れる,100
地面/とく,100
化粧/れる,100
子/しまう,100
私/進む,100
私/く,100
私/出す,100
嘘/とく,100
永遠/とく,100
わたし/出す,100
私/いう,100
笑/言う,100
舞台/握りしめる,100
私/くむ,100
家/する,100
木/する,100
わたし/くむ,100
邪魔/れる,100
簡素/する,100
僕/とく,100
殻/とく,100
音/とく,100
つぼみ/とく,100
あなた/くむ,100
私/上げる,100
あなた/出す,100
恵一/れる,99
さん/出す,99
さん/感じる,99
簡単/れる,99
白壁/れる,99
目/すむ,99
さん/上げる,99
さん/紡ぐ,99
さん/いう,99
こちら/くる,99
曽我部/れる,99
さん/く,99
色/れる,99
さん/進む,99
灯り/れる,99
心/しまう,99
声/れる,99
さん/くむ,99
かお/くる,99
感動/泣く,98
変/出す,98
顔/いう,98
顔/出す,98
顔/く,98
変/いう,98
あなた/いう,98
感動/とく,98
あなた/上げる,98
前/しまう,98
わたし/いう,98
撮影/いる,98
わたし/上げる,98
あなた/く,98
中/痛む,98
わたし/く,98
変/上げる,98
顔/上げる,98
顔/くむ,98
やから/とく,98
変/く,98
大会/とく,98
中/零れる,98
変/くむ,98
年生/とく,98
不明/れる,97
意味/れる,97
話/話す,97
涙/でる,97
嵐/れる,97
話/語る,97
口/進む,97
時/ある,97
話/越える,97
やりとり/れる,97
素敵/くる,96
私/紡ぐ,96
時/語る,96
目/始める,96
回/する,96
私/感じる,96
最終/する,96
一/とく,96
プレゼント/くる,96
感動/流れる,96
時/話す,96
お家/くる,96
時/越える,96
目/届く,96
僕/泣く,95
部屋/とく,94
撮影/話す,94
なに/握りしめる,94
の/握りしめる,94
一/泣く,94
引越し/とく,94
撮影/越える,94
とき/とく,94
殻/泣く,94
つぼみ/泣く,94
いつ/とく,94
なみ/とく,94
ため/とく,94
涙/流れ落ちる,94
心/いる,94
撮影/語る,94
地面/泣く,94
記憶/くる,93
生/れる,93
永遠/泣く,93
嘘/泣く,93
かも/れる,93
音/泣く,93
口/紡ぐ,93
最高/れる,93
口/感じる,93
最近/くる,93
心/出る,93
ダンス/れる,93
一/いく,93
バラード/れる,93
１/する,92
心/話す,92
葉っぱ/とく,92
キッチン/とく,92
怪談/する,92
怪/する,92
期待/する,92
微か/する,92
大会/泣く,92
一/てる,92
撮影/しまう,92
年生/泣く,92
心/越える,92
頭/とく,92
奇跡/する,92
心/語る,92
子/握りしめる,92
さん/すむ,92
曲/握りしめる,92
０/てる,92
物の怪/する,92
会/する,92
本物/する,92
やから/泣く,92
あら/れる,91
順番/なる,91
話/いる,91
最後/れる,91
冒頭/れる,91
前/握りしめる,91
映像/れる,91
話/なる,91
結局/れる,91
私/すむ,91
中/言える,91
話/くれる,91
たび/れる,91
内容/れる,91
ら/れる,91
中/はじめる,91
順番/いる,91
順番/くれる,91
モード/とく,90
肌/とく,90
撮影/出る,90
くん/くる,90
変/出る,90
乾燥/進む,90
舞台/出る,90
乾燥/いう,90
の/出る,90
引越し/泣く,90
乾燥/く,90
顔/出る,90
乾燥/上げる,90
いま/くる,90
心/くれる,90
とき/泣く,90
いつ/泣く,90
後ろ/くる,90
わたし/出る,90
なみ/泣く,90
省エネ/とく,90
カルテット/くる,90
前/出る,90
顔/進む,90
乾燥/くむ,90
あなた/進む,90
曲/出る,90
コーン/くる,90
乾燥/出る,90
乾燥/出す,90
変/進む,90
うさぎ/くる,90
ため/泣く,90
角質/とく,90
なに/言う,90
空気/とく,90
す/くる,90
ユニ/くる,90
撮影/くれる,90
子/出る,90
わたし/進む,90
暖房/とく,90
部屋/泣く,90
ギター/くる,90
あなた/出る,90
葉っぱ/泣く,89
本音/れる,89
久しぶり/れる,89
時/なる,89
私/届く,89
嫌味/れる,89
頭/泣く,89
生活/れる,89
私/始める,89
キッチン/泣く,89
好き/れる,89
ユーモア/れる,89
結婚/れる,89
先生/れる,89
時/くれる,89
こと/れる,89
角質/泣く,88
空気/泣く,88
台湾/する,88
さん/届く,88
ともだち/とく,88
肌/泣く,88
口/すむ,88
モード/泣く,88
口/落とす,88
省エネ/泣く,88
連絡/とく,88
さん/始める,88
暖房/泣く,88
おもいで/する,88
０/いく,88
人/降り注ぐ,87
ともだち/泣く,87
ん/みる,87
時/いる,87
心/言う,87
歌/降り注ぐ,87
話/しまう,87
はず/降り注ぐ,87
連絡/泣く,87
感動/ある,87
頬/れる,87
順番/しまう,87
青年/出す,86
目/降り注ぐ,86
診察/とく,86
感動/なる,86
室/泣く,86
簡素/くる,86
室/とく,86
一/流れる,86
口/届く,86
口/始める,86
診察/泣く,86
木/くる,86
家/くる,86
音/てる,85
地面/てる,85
時/しまう,85
大会/てる,85
つぼみ/てる,85
部屋/てる,85
登録/れる,85
嘘/てる,85
永遠/てる,85
引越し/てる,85
とき/てる,85
殻/てる,85
サブ/れる,85
結果/れる,85
ため/てる,85
僕/てる,85
なみ/てる,85
やから/てる,85
抽選/れる,85
いつ/てる,85
年生/てる,85
殻/いく,84
邪魔/泣く,84
舞台/出す,84
舞台/進む,84
目/伝える,84
目/できる,84
はず/伝える,84
頭/てる,84
やから/いく,84
とき/いく,84
青年/くむ,84
舞台/いう,84
ため/いく,84
大会/いく,84
嫌/泣く,84
僕/いく,84
嫌/とく,84
いつ/いく,84
私/降り注ぐ,84
音/いく,84
化粧/泣く,84
人/伝える,84
地面/いく,84
なみ/いく,84
年生/いく,84
舞台/くむ,84
人/できる,84
化粧/とく,84
部屋/いく,84
０/落ちる,84
中/動く,84
歌/伝える,84
舞台/上げる,84
歌/できる,84
キッチン/てる,84
つぼみ/いく,84
葉っぱ/てる,84
嘘/いく,84
はず/できる,84
邪魔/とく,84
永遠/いく,84
引越し/いく,84
舞台/く,84
中/貼れる,84
大会/流れる,83
モード/てる,83
やから/流れる,83
音/流れる,83
私/伝える,83
僕/流れる,83
殻/流れる,83
肌/てる,83
私/落とす,83
キッチン/いく,83
頭/いく,83
年生/流れる,83
暖房/てる,83
空気/てる,83
省エネ/てる,83
青年/いう,83
青年/上げる,83
葉っぱ/いく,83
角質/てる,83
永遠/流れる,83
嘘/流れる,83
私/できる,83
地面/流れる,83
つぼみ/流れる,83
青年/く,83
変/紡ぐ,82
白壁/とく,82
回/くる,82
いつ/流れる,82
灯り/泣く,82
色/泣く,82
角質/いく,82
暖房/いく,82
空気/いく,82
とき/流れる,82
曽我部/泣く,82
ため/流れる,82
ん/零れる,82
白壁/泣く,82
私/ひび割れる,82
簡単/泣く,82
色/とく,82
わたし/紡ぐ,82
モード/いく,82
変/感じる,82
声/泣く,82
部屋/流れる,82
肌/いく,82
舞台/感じる,82
曽我部/とく,82
あなた/紡ぐ,82
恵一/とく,82
顔/紡ぐ,82
灯り/とく,82
乾燥/感じる,82
恵一/泣く,82
簡単/とく,82
顔/感じる,82
あなた/感じる,82
引越し/流れる,82
わたし/感じる,82
舞台/紡ぐ,82
ん/痛む,82
省エネ/いく,82
最終/くる,82
ともだち/てる,82
乾燥/紡ぐ,82
なみ/流れる,82
連絡/てる,82
声/とく,82
人/ひび割れる,81
室/てる,81
口/降り注ぐ,81
診察/てる,81
連絡/いく,81
感動/しまう,81
頭/流れる,81
目/ひび割れる,81
キッチン/流れる,81
葉っぱ/流れる,81
はず/ひび割れる,81
ともだち/いく,81
歌/ひび割れる,81
邪魔/てる,80
不明/とく,80
口/伝える,80
空気/流れる,80
嵐/とく,80
不明/泣く,80
前/出す,80
モード/流れる,80
寒空/する,80
嫌/てる,80
口/できる,80
０/なる,80
私/弾く,80
化粧/てる,80
診察/いく,80
室/いく,80
意味/とく,80
角質/流れる,80
嵐/泣く,80
省エネ/流れる,80
暖房/流れる,80
やりとり/とく,80
順番/握りしめる,80
一/落ちる,80
肌/流れる,80
意味/泣く,80
感動/いる,80
やりとり/泣く,80
色/てる,79
笑/感じる,79
連絡/流れる,79
話/握りしめる,79
化粧/いく,79
笑/くむ,79
白壁/てる,79
笑/出す,79
青年/進む,79
順番/出る,79
口/ひび割れる,79
笑/く,79
ともだち/流れる,79
灯り/てる,79
邪魔/いく,79
笑/進む,79
笑/紡ぐ,79
簡単/てる,79
曽我部/てる,79
話/出る,79
笑/上げる,79
恵一/てる,79
嫌/いく,79
声/てる,79
笑/いう,79
奇跡/くる,78
曽我部/いく,78
の/くむ,78
嵐/てる,78
さん/降り注ぐ,78
の/言う,78
の/出す,78
顔/言う,78
声/いく,78
簡単/いく,78
診察/流れる,78
の/く,78
会/くる,78
の/いう,78
あなた/言う,78
色/いく,78
怪談/くる,78
本物/くる,78
物の怪/くる,78
前/言う,78
恵一/いく,78
口/弾く,78
感動/越える,78
乾燥/言う,78
意味/てる,78
微か/くる,78
人/弾く,78
曲/言う,78
前/くむ,78
やりとり/てる,78
涙/こめる,78
目/弾く,78
感動/話す,78
の/進む,78
はず/弾く,78
変/言う,78
室/流れる,78
怪/くる,78
感動/語る,78
撮影/言う,78
舞台/言う,78
時/握りしめる,78
の/上げる,78
涙/出来る,78
わたし/言う,78
１/くる,78
涙/壊れる,78
子/言う,78
歌/弾く,78
白壁/いく,78
期待/くる,78
不明/てる,78
涙/乗る,78
灯り/いく,78
ん/言える,77
メガネ/れる,77
前/いう,77
嫌/流れる,77
の/感じる,77
やりとり/いく,77
意味/いく,77
あと/れる,77
人形/れる,77
途中/れる,77
口/おちる,77
の/紡ぐ,77
パ/れる,77
笑/すむ,77
不明/いく,77
邪魔/流れる,77
苦戦/れる,77
前/く,77
嵐/いく,77
リサ/れる,77
かなり/れる,77
コンタクト/れる,77
さま/れる,77
レナ/れる,77
チリ/れる,77
化粧/流れる,77
ん/はじめる,77
カット/れる,77
前/上げる,77
さん/できる,76
曲/上げる,76
生/とく,76
ダンス/とく,76
曲/くむ,76
子/くむ,76
生/泣く,76
曲/紡ぐ,76
曲/く,76
簡単/流れる,76
撮影/握りしめる,76
灯り/流れる,76
曲/進む,76
ピンク/する,76
かも/とく,76
さん/伝える,76
生/てる,76
本心/する,76
かも/てる,76
子/く,76
バラード/てる,76
曲/出す,76
かも/泣く,76
バラード/とく,76
子/いう,76
白壁/流れる,76
曲/いう,76
子/上げる,76
色/流れる,76
声/流れる,76
最高/とく,76
曲/感じる,76
ダンス/泣く,76
恵一/流れる,76
子/出す,76
曽我部/流れる,76
最高/てる,76
ここ/する,76
ダンス/てる,76
最高/泣く,76
感動/くれる,76
バラード/泣く,76
私/信じる,76
結局/てる,75
時/出る,75
映像/てる,75
バラード/いく,75
ら/てる,75
ダンス/いく,75
あら/てる,75
最後/てる,75
笑/始める,75
意味/流れる,75
心/握りしめる,75
口/信じる,75
青年/紡ぐ,75
たび/てる,75
内容/てる,75
嵐/流れる,75
やりとり/流れる,75
子/進む,75
生/いく,75
冒頭/てる,75
青年/感じる,75
笑/届く,75
不明/流れる,75
最高/いく,75
かも/いく,75
闇/れる,75
ら/泣く,74
あら/とく,74
久しぶり/てる,74
たび/いく,74
本音/てる,74
さん/ひび割れる,74
冒頭/いく,74
あら/泣く,74
内容/とく,74
結局/とく,74
私/あふれる,74
映像/泣く,74
先生/てる,74
生活/てる,74
ら/とく,74
最後/とく,74
嫌味/てる,74
映像/いく,74
結局/泣く,74
最後/泣く,74
あら/いく,74
台湾/くる,74
結婚/てる,74
結局/いく,74
好き/てる,74
たび/とく,74
私/だす,74
内容/泣く,74
内容/いく,74
こと/てる,74
ら/いく,74
最後/いく,74
おもいで/くる,74
映像/とく,74
たび/泣く,74
冒頭/とく,74
ユーモア/てる,74
冒頭/泣く,74
口/だす,73
生/流れる,73
ダンス/流れる,73
頬/てる,73
前/進む,73
もの/れる,73
好き/いく,73
口/あふれる,73
バラード/流れる,73
本音/いく,73
久しぶり/いく,73
ユーモア/いく,73
私/おちる,73
きっかけ/れる,73
一/ある,73
かも/流れる,73
こと/いく,73
最高/流れる,73
生活/いく,73
先生/いく,73
結婚/いく,73
嫌味/いく,73
結婚/泣く,72
なに/進む,72
なに/出す,72
ん/動く,72
本音/とく,72
生活/とく,72
久しぶり/とく,72
あまり/する,72
嫌味/泣く,72
なに/上げる,72
ユーモア/泣く,72
サブ/てる,72
顔/すむ,72
私/かける,72
変/すむ,72
ら/流れる,72
内容/流れる,72
こと/泣く,72
なに/いう,72
なに/く,72
目/信じる,72
人/信じる,72
なに/くむ,72
あなた/すむ,72
なに/感じる,72
なに/紡ぐ,72
結婚/とく,72
最後/流れる,72
先生/とく,72
はず/信じる,72
結果/てる,72
わたし/すむ,72
好き/とく,72
さん/弾く,72
乾燥/すむ,72
先生/泣く,72
嫌味/とく,72
生活/泣く,72
久しぶり/泣く,72
好き/泣く,72
の/すむ,72
冒頭/流れる,72
本音/泣く,72
たび/流れる,72
歌/信じる,72
こと/とく,72
登録/てる,72
結局/流れる,72
頬/いく,72
興奮/する,72
抽選/てる,72
曲/すむ,72
映像/流れる,72
ん/貼れる,72
舞台/すむ,72
あら/流れる,72
ユーモア/とく,72
登録/いく,71
大会/落ちる,71
年生/落ちる,71
連絡/落ちる,71
地面/落ちる,71
曽我部/落ちる,71
室/落ちる,71
口/かける,71
葉っぱ/落ちる,71
色/落ちる,71
省エネ/落ちる,71
白壁/落ちる,71
ともだち/落ちる,71
不明/落ちる,71
抽選/いく,71
先生/流れる,71
暖房/落ちる,71
結果/いく,71
久しぶり/流れる,71
声/落ちる,71
ため/落ちる,71
嫌味/流れる,71
本音/流れる,71
やから/落ちる,71
こと/流れる,71
生活/流れる,71
邪魔/落ちる,71
なみ/落ちる,71
結婚/流れる,71
嵐/落ちる,71
恵一/落ちる,71
肌/落ちる,71
音/落ちる,71
つぼみ/落ちる,71
角質/落ちる,71
永遠/落ちる,71
診察/落ちる,71
モード/落ちる,71
意味/落ちる,71
灯り/落ちる,71
子/紡ぐ,71
子/感じる,71
引越し/落ちる,71
殻/落ちる,71
好き/流れる,71
とき/落ちる,71
サブ/いく,71
空気/落ちる,71
キッチン/落ちる,71
僕/落ちる,71
ユーモア/流れる,71
順番/言う,71
いつ/落ちる,71
やりとり/落ちる,71
部屋/落ちる,71
話/言う,71
嘘/落ちる,71
簡単/落ちる,71
嫌/落ちる,71
頭/落ちる,71
化粧/落ちる,71
頬/泣く,70
なに/すむ,70
ダンス/落ちる,70
中/流れ落ちる,70
頬/とく,70
バラード/落ちる,70
最高/落ちる,70
頬/流れる,70
青年/すむ,70
生/落ちる,70
かも/落ちる,70
中/でる,70
人/だす,69
目/あふれる,69
さん/落とす,69
はず/落とす,69
僕/語る,69
ら/落ちる,69
人/あふれる,69
青年/落とす,69
順番/出す,69
あら/落ちる,69
前/紡ぐ,69
映像/落ちる,69
感動/出る,69
歌/あふれる,69
僕/越える,69
最後/落ちる,69
僕/話す,69
冒頭/落ちる,69
歌/落とす,69
人/落とす,69
目/だす,69
歌/だす,69
結局/落ちる,69
はず/あふれる,69
たび/落ちる,69
目/落とす,69
はず/だす,69
内容/落ちる,69
前/感じる,69
笑/降り注ぐ,69
時/言う,69
こと/落ちる,68
０/流れる,68
つぼみ/越える,68
なに/始める,68
０/ある,68
途中/てる,68
登録/泣く,68
地面/語る,68
青年/始める,68
パ/てる,68
あと/てる,68
つぼみ/話す,68
本音/落ちる,68
地面/話す,68
顔/届く,68
０/いる,68
サブ/泣く,68
一/話す,68
変/始める,68
人形/てる,68
結果/とく,68
サブ/流れる,68
結婚/落ちる,68
殻/語る,68
一/越える,68
の/届く,68
サブ/とく,68
先生/落ちる,68
乾燥/届く,68
登録/流れる,68
０/話す,68
生活/落ちる,68
コンタクト/てる,68
０/出る,68
さん/信じる,68
なに/届く,68
曲/始める,68
あなた/始める,68
あなた/届く,68
０/泣く,68
わたし/始める,68
チリ/てる,68
結果/泣く,68
０/語る,68
さま/てる,68
ユーモア/落ちる,68
久しぶり/落ちる,68
登録/とく,68
抽選/とく,68
抽選/泣く,68
舞台/始める,68
リサ/てる,68
変/届く,68
舞台/届く,68
の/始める,68
殻/越える,68
０/とく,68
メガネ/てる,68
カット/てる,68
つぼみ/語る,68
かなり/てる,68
曲/届く,68
嫌味/落ちる,68
わたし/届く,68
乾燥/始める,68
０/越える,68
結果/流れる,68
殻/話す,68
レナ/てる,68
苦戦/てる,68
一/語る,68
好き/落ちる,68
顔/始める,68
青年/届く,68
抽選/流れる,68
地面/越える,68
空気/ある,67
チリ/いく,67
省エネ/ある,67
嘘/越える,67
とき/ある,67
角質/ある,67
殻/ある,67
化粧/ある,67
頬/落ちる,67
ため/ある,67
暖房/ある,67
曽我部/ある,67
順番/くむ,67
笑/伝える,67
さま/いく,67
かなり/いく,67
大会/ある,67
僕/ある,67
音/話す,67
なみ/ある,67
簡単/ある,67
葉っぱ/ある,67
恵一/ある,67
メガネ/いく,67
キッチン/ある,67
やから/ある,67
連絡/ある,67
ともだち/ある,67
年生/ある,67
途中/いく,67
音/越える,67
嘘/語る,67
声/ある,67
永遠/語る,67
モード/ある,67
苦戦/いく,67
いつ/ある,67
カット/いく,67
色/ある,67
音/ある,67
診察/ある,67
地面/ある,67
邪魔/ある,67
頭/ある,67
嘘/話す,67
レナ/いく,67
つぼみ/ある,67
白壁/ある,67
室/ある,67
笑/できる,67
部屋/ある,67
あと/いく,67
肌/ある,67
嘘/ある,67
灯り/ある,67
パ/いく,67
永遠/ある,67
人形/いく,67
引越し/ある,67
嫌/ある,67
永遠/話す,67
永遠/越える,67
音/語る,67
闇/てる,67
コンタクト/いく,67
リサ/いく,67
０/しまう,66
抽選/落ちる,66
大会/語る,66
やから/語る,66
大会/話す,66
やりとり/ある,66
闇/いく,66
登録/落ちる,66
不明/ある,66
やから/越える,66
目/かける,66
寒空/くる,66
はず/かける,66
子/すむ,66
意味/ある,66
年生/越える,66
サブ/落ちる,66
嵐/ある,66
順番/上げる,66
年生/話す,66
歌/かける,66
大会/越える,66
きっかけ/てる,66
さん/あふれる,66
順番/く,66
順番/いう,66
もの/てる,66
やから/話す,66
さん/だす,66
結果/落ちる,66
年生/語る,66
人/かける,66
眼/れる,65
きっかけ/いく,65
口/建つ,65
もの/いく,65
笑/落とす,65
笑/ひび割れる,65
一/くれる,65
感動/握りしめる,65
時/くむ,64
なみ/語る,64
時/出す,64
引越し/話す,64
部屋/越える,64
前/すむ,64
一/なる,64
とき/越える,64
最高/ある,64
とき/語る,64
時/上げる,64
とき/話す,64
０/言う,64
時/く,64
ダンス/ある,64
なみ/話す,64
ため/語る,64
子/届く,64
いつ/語る,64
いつ/越える,64
ため/話す,64
バラード/ある,64
時/いう,64
かも/ある,64
なみ/越える,64
部屋/話す,64
ため/越える,64
０/くれる,64
私/建つ,64
引越し/語る,64
いつ/話す,64
子/始める,64
引越し/越える,64
さん/かける,64
部屋/語る,64
生/ある,64
ん/でる,64
口/こぼれる,63
頭/話す,63
かお/れる,63
キッチン/語る,63
話/いう,63
たび/ある,63
葉っぱ/語る,63
キッチン/話す,63
なに/降り注ぐ,63
映像/ある,63
笑/弾く,63
話/くむ,63
冒頭/ある,63
話/出す,63
こちら/れる,63
葉っぱ/越える,63
葉っぱ/話す,63
心/落とす,63
結局/ある,63
青年/降り注ぐ,63
一/しまう,63
ら/ある,63
英語/する,63
キッチン/越える,63
頭/越える,63
感動/言う,63
あら/ある,63
最後/ある,63
一/いる,63
内容/ある,63
頭/語る,63
話/く,63
話/上げる,63
暖房/越える,62
カット/落ちる,62
メガネ/落ちる,62
結婚/ある,62
前/届く,62
角質/語る,62
暖房/語る,62
チリ/落ちる,62
モード/越える,62
青年/伝える,62
肌/越える,62
角質/越える,62
こと/ある,62
省エネ/越える,62
ここ/くる,62
空気/話す,62
苦戦/落ちる,62
リサ/落ちる,62
省エネ/語る,62
久しぶり/ある,62
さま/落ちる,62
レナ/落ちる,62
省エネ/話す,62
ユーモア/ある,62
コンタクト/落ちる,62
空気/語る,62
肌/話す,62
途中/落ちる,62
好き/ある,62
なに/できる,62
本音/ある,62
角質/話す,62
先生/ある,62
青年/できる,62
ん/流れ落ちる,62
パ/落ちる,62
人形/落ちる,62
話/進む,62
前/始める,62
順番/進む,62
嫌味/ある,62
空気/越える,62
あと/落ちる,62
本心/くる,62
なに/伝える,62
生活/ある,62
暖房/話す,62
ピンク/くる,62
モード/語る,62
モード/話す,62
肌/語る,62
かなり/落ちる,62
連絡/越える,61
連絡/語る,61
ともだち/越える,61
闇/落ちる,61
ともだち/話す,61
ともだち/語る,61
お家/れる,61
連絡/話す,61
プレゼント/れる,61
私/こぼれる,61
頬/ある,61
素敵/れる,61
青年/ひび割れる,61
人/おちる,60
苦戦/流れる,60
レナ/泣く,60
人形/流れる,60
パ/とく,60
はず/おちる,60
撮影/感じる,60
撮影/進む,60
結果/ある,60
かなり/とく,60
撮影/届く,60
途中/流れる,60
苦戦/とく,60
レナ/流れる,60
リサ/泣く,60
メガネ/泣く,60
登録/ある,60
さん/おちる,60
あと/泣く,60
さま/とく,60
撮影/出す,60
撮影/く,60
眼/てる,60
青年/弾く,60
あと/とく,60
さま/流れる,60
撮影/くむ,60
抽選/ある,60
歌/おちる,60
パ/泣く,60
カット/泣く,60
コンタクト/とく,60
撮影/紡ぐ,60
あと/流れる,60
苦戦/泣く,60
撮影/いう,60
チリ/流れる,60
撮影/すむ,60
リサ/流れる,60
室/越える,60
メガネ/流れる,60
コンタクト/泣く,60
診察/越える,60
レナ/とく,60
カット/流れる,60
サブ/ある,60
かなり/泣く,60
リサ/とく,60
診察/話す,60
チリ/とく,60
コンタクト/流れる,60
人形/とく,60
青年/おちる,60
かなり/流れる,60
きっかけ/落ちる,60
チリ/泣く,60
途中/とく,60
撮影/始める,60
さま/泣く,60
人形/泣く,60
室/話す,60
パ/流れる,60
途中/泣く,60
室/語る,60
時/進む,60
メガネ/とく,60
もの/落ちる,60
診察/語る,60
なに/ひび割れる,60
カット/とく,60
撮影/上げる,60
目/おちる,60
連絡/くれる,59
大会/くれる,59
殻/くれる,59
音/くれる,59
やから/くれる,59
年生/くれる,59
化粧/語る,59
部屋/くれる,59
僕/くれる,59
なみ/くれる,59
肌/くれる,59
角質/くれる,59
葉っぱ/くれる,59
とき/くれる,59
化粧/話す,59
つぼみ/くれる,59
一/握りしめる,59
記憶/れる,59
最近/れる,59
キッチン/くれる,59
モード/くれる,59
邪魔/語る,59
暖房/くれる,59
永遠/くれる,59
笑/信じる,59
邪魔/越える,59
ため/くれる,59
嫌/越える,59
嫌/語る,59
引越し/くれる,59
いつ/くれる,59
ともだち/くれる,59
嫌/話す,59
省エネ/くれる,59
頭/くれる,59
地面/くれる,59
邪魔/話す,59
嘘/くれる,59
空気/くれる,59
化粧/越える,59
灯り/越える,58
青年/信じる,58
乾燥/降り注ぐ,58
簡単/越える,58
話/紡ぐ,58
こちら/てる,58
簡単/語る,58
興奮/くる,58
曽我部/語る,58
順番/紡ぐ,58
闇/流れる,58
色/話す,58
恵一/話す,58
診察/くれる,58
恵一/語る,58
恵一/越える,58
わたし/降り注ぐ,58
白壁/越える,58
順番/感じる,58
声/語る,58
話/感じる,58
室/くれる,58
かお/てる,58
撮影/降り注ぐ,58
曽我部/越える,58
色/語る,58
なに/弾く,58
子/降り注ぐ,58
あまり/くる,58
白壁/語る,58
闇/泣く,58
あなた/降り注ぐ,58
曽我部/話す,58
顔/降り注ぐ,58
灯り/語る,58
なに/落とす,58
色/越える,58
闇/とく,58
曲/降り注ぐ,58
変/降り注ぐ,58
灯り/話す,58
の/降り注ぐ,58
舞台/降り注ぐ,58
声/越える,58
眼/いく,58
声/話す,58
簡単/話す,58
白壁/話す,58
殻/いる,57
青年/あふれる,57
曽我部/いる,57
ユニ/れる,57
不明/語る,57
化粧/いる,57
嵐/語る,57
やから/いる,57
声/いる,57
後ろ/れる,57
コーン/れる,57
とき/いる,57
バラード/いる,57
簡単/いる,57
嵐/話す,57
角質/いる,57
やりとり/いる,57
意味/話す,57
暖房/いる,57
空気/いる,57
意味/いる,57
ため/いる,57
嵐/越える,57
青年/だす,57
意味/越える,57
ダンス/いる,57
連絡/いる,57
不明/越える,57
恵一/いる,57
不明/話す,57
僕/いる,57
最高/いる,57
はず/建つ,57
キッチン/いる,57
笑/だす,57
色/いる,57
いつ/いる,57
モード/いる,57
音/いる,57
頭/いる,57
地面/いる,57
邪魔/いる,57
なみ/いる,57
葉っぱ/いる,57
カルテット/れる,57
いま/れる,57
大会/いる,57
うさぎ/れる,57
ともだち/いる,57
年生/いる,57
やりとり/語る,57
笑/おちる,57
邪魔/くれる,57
す/れる,57
肌/いる,57
さん/建つ,57
部屋/いる,57
意味/語る,57
笑/あふれる,57
診察/いる,57
やりとり/話す,57
室/いる,57
嵐/いる,57
くん/れる,57
不明/いる,57
人/建つ,57
やりとり/越える,57
ギター/れる,57
生/いる,57
目/建つ,57
嫌/いる,57
つぼみ/いる,57
白壁/いる,57
省エネ/いる,57
前/降り注ぐ,57
嘘/いる,57
嫌/くれる,57
灯り/いる,57
かも/いる,57
歌/建つ,57
永遠/いる,57
引越し/いる,57
化粧/くれる,57
舞台/伝える,56
わたし/できる,56
たび/いる,56
前/伝える,56
さま/ある,56
メガネ/ある,56
リサ/ある,56
舞台/できる,56
顔/伝える,56
曽我部/くれる,56
かお/いく,56
冒頭/いる,56
の/伝える,56
曲/できる,56
子/できる,56
眼/落ちる,56
あなた/伝える,56
カット/ある,56
変/伝える,56
素敵/てる,56
乾燥/伝える,56
中/出来る,56
簡単/くれる,56
かなり/ある,56
レナ/ある,56
苦戦/ある,56
もの/流れる,56
灯り/くれる,56
映像/いる,56
中/乗る,56
曲/伝える,56
あと/ある,56
の/できる,56
時/感じる,56
きっかけ/泣く,56
時/紡ぐ,56
もの/泣く,56
きっかけ/流れる,56
心/おちる,56
途中/ある,56
撮影/できる,56
結局/いる,56
パ/ある,56
お家/てる,56
白壁/くれる,56
変/できる,56
プレゼント/てる,56
色/くれる,56
あら/いる,56
声/くれる,56
人形/ある,56
乾燥/できる,56
子/伝える,56
中/こめる,56
わたし/伝える,56
内容/いる,56
もの/とく,56
最後/いる,56
中/壊れる,56
ら/いる,56
顔/できる,56
恵一/くれる,56
あなた/できる,56
きっかけ/とく,56
青年/かける,56
コンタクト/ある,56
チリ/ある,56
こちら/いく,56
撮影/伝える,56
前/できる,56
最高/話す,55
僕/握りしめる,55
部屋/握りしめる,55
ダンス/語る,55
やから/握りしめる,55
バラード/越える,55
大会/握りしめる,55
音/握りしめる,55
最高/越える,55
永遠/握りしめる,55
闇/ある,55
最高/語る,55
笑/かける,55
生/越える,55
なみ/握りしめる,55
好き/いる,55
ため/握りしめる,55
つぼみ/握りしめる,55
木/れる,55
こと/いる,55
生/話す,55
バラード/語る,55
不明/くれる,55
地面/握りしめる,55
やりとり/くれる,55
本音/いる,55
久しぶり/いる,55
意味/くれる,55
いつ/握りしめる,55
家/れる,55
ユーモア/いる,55
バラード/話す,55
かも/語る,55
簡素/れる,55
ダンス/越える,55
口/みる,55
とき/握りしめる,55
ダンス/話す,55
生活/いる,55
年生/握りしめる,55
先生/いる,55
殻/握りしめる,55
生/語る,55
嵐/くれる,55
嘘/握りしめる,55
結婚/いる,55
かも/話す,55
引越し/握りしめる,55
かも/越える,55
嫌味/いる,55
顔/ひび割れる,54
たび/話す,54
プレゼント/いく,54
キッチン/握りしめる,54
かも/しまう,54
内容/話す,54
キッチン/しまう,54
葉っぱ/握りしめる,54
引越し/しまう,54
人/こぼれる,54
映像/語る,54
診察/しまう,54
室/しまう,54
曲/ひび割れる,54
きっかけ/ある,54
ダンス/しまう,54
頭/握りしめる,54
結局/話す,54
部屋/しまう,54
嘘/しまう,54
やりとり/しまう,54
つぼみ/しまう,54
連絡/しまう,54
舞台/ひび割れる,54
灯り/しまう,54
あら/越える,54
音/しまう,54
たび/語る,54
お家/いく,54
乾燥/ひび割れる,54
やから/しまう,54
なに/信じる,54
あら/話す,54
嫌/しまう,54
邪魔/しまう,54
最後/越える,54
最高/しまう,54
冒頭/語る,54
色/しまう,54
暖房/しまう,54
頭/しまう,54
簡単/しまう,54
内容/越える,54
ため/しまう,54
もの/ある,54
前/ひび割れる,54
映像/話す,54
省エネ/しまう,54
最後/話す,54
かお/落ちる,54
の/ひび割れる,54
肌/しまう,54
空気/しまう,54
大会/しまう,54
恵一/しまう,54
とき/しまう,54
歌/こぼれる,54
声/しまう,54
ら/越える,54
年生/しまう,54
あら/語る,54
意味/しまう,54
結局/越える,54
不明/しまう,54
曽我部/しまう,54
嵐/しまう,54
角質/しまう,54
最後/語る,54
バラード/しまう,54
映像/越える,54
葉っぱ/しまう,54
地面/しまう,54
冒頭/話す,54
冒頭/越える,54
結局/語る,54
永遠/しまう,54
ともだち/しまう,54
僕/しまう,54
殻/しまう,54
あなた/ひび割れる,54
最近/てる,54
素敵/いく,54
内容/語る,54
白壁/しまう,54
はず/こぼれる,54
モード/しまう,54
頬/いる,54
さん/こぼれる,54
ら/語る,54
撮影/ひび割れる,54
化粧/しまう,54
わたし/ひび割れる,54
生/しまう,54
記憶/てる,54
たび/越える,54
いつ/しまう,54
変/ひび割れる,54
なみ/しまう,54
目/こぼれる,54
ら/話す,54
こちら/落ちる,54
子/ひび割れる,54
好き/語る,53
久しぶり/語る,53
久しぶり/越える,53
内容/しまう,53
最終/れる,53
角質/握りしめる,53
本音/越える,53
登録/いる,53
肌/握りしめる,53
本音/語る,53
最後/しまう,53
かも/くれる,53
生/くれる,53
こと/語る,53
映像/しまう,53
生活/話す,53
先生/語る,53
あら/しまう,53
抽選/いる,53
嫌味/越える,53
青年/建つ,53
たび/しまう,53
モード/握りしめる,53
順番/すむ,53
好き/越える,53
嫌味/話す,53
空気/握りしめる,53
先生/話す,53
話/すむ,53
こと/話す,53
暖房/握りしめる,53
ユーモア/越える,53
本音/話す,53
結婚/語る,53
生活/語る,53
冒頭/しまう,53
バラード/くれる,53
ダンス/くれる,53
結局/しまう,53
嫌味/語る,53
久しぶり/話す,53
回/れる,53
先生/越える,53
生活/越える,53
ユーモア/話す,53
ユーモア/語る,53
好き/話す,53
最高/くれる,53
サブ/いる,53
こと/越える,53
結果/いる,53
省エネ/握りしめる,53
結婚/越える,53
結婚/話す,53
ら/しまう,53
本音/しまう,52
口/零れる,52
生活/しまう,52
舞台/弾く,52
青年/こぼれる,52
僕/出す,52
結局/くれる,52
ユーモア/しまう,52
の/弾く,52
ん/出来る,52
嫌味/しまう,52
後ろ/てる,52
あら/くれる,52
こと/しまう,52
最後/くれる,52
内容/くれる,52
素敵/落ちる,52
たび/くれる,52
前/弾く,52
カルテット/てる,52
英語/くる,52
いま/てる,52
うさぎ/てる,52
ユニ/てる,52
最近/いく,52
ギター/てる,52
ら/くれる,52
記憶/いく,52
子/弾く,52
先生/しまう,52
す/てる,52
頬/語る,52
連絡/握りしめる,52
わたし/弾く,52
結婚/しまう,52
口/痛む,52
曲/弾く,52
好き/しまう,52
お家/落ちる,52
なに/あふれる,52
頬/話す,52
顔/弾く,52
映像/くれる,52
頬/越える,52
なに/おちる,52
ん/こめる,52
プレゼント/落ちる,52
あなた/弾く,52
コーン/てる,52
撮影/弾く,52
ん/乗る,52
くん/てる,52
ん/壊れる,52
なに/だす,52
乾燥/弾く,52
私/みる,52
涙/続く,52
久しぶり/しまう,52
冒頭/くれる,52
変/弾く,52
ともだち/握りしめる,52
頬/なる,51
結局/なる,51
心/紡ぐ,51
本音/なる,51
生活/なる,51
部屋/なる,51
生/なる,51
かなり/なる,51
肌/なる,51
登録/越える,51
レナ/なる,51
生活/くれる,51
葉っぱ/なる,51
パ/なる,51
闇/なる,51
つぼみ/なる,51
不明/なる,51
音/なる,51
冒頭/なる,51
キッチン/なる,51
診察/なる,51
奇跡/れる,51
最後/なる,51
引越し/なる,51
頭/なる,51
室/握りしめる,51
嫌/なる,51
心/くむ,51
ともだち/なる,51
内容/なる,51
心/感じる,51
苦戦/なる,51
モード/なる,51
もの/なる,51
白壁/なる,51
心/始める,51
久しぶり/なる,51
あら/なる,51
嵐/なる,51
結婚/くれる,51
本音/くれる,51
コンタクト/なる,51
さま/なる,51
かも/なる,51
順番/始める,51
殻/出す,51
登録/話す,51
あと/なる,51
色/なる,51
結果/なる,51
好き/くれる,51
物の怪/れる,51
嘘/なる,51
室/なる,51
人形/なる,51
地面/なる,51
サブ/なる,51
心/伝える,51
地面/出す,51
永遠/なる,51
こと/くれる,51
ら/なる,51
抽選/語る,51
抽選/越える,51
登録/語る,51
結婚/なる,51
ユーモア/くれる,51
省エネ/なる,51
時/すむ,51
先生/なる,51
心/上げる,51
先生/くれる,51
最高/なる,51
曽我部/なる,51
話/始める,51
こと/なる,51
恵一/なる,51
嫌味/なる,51
登録/なる,51
抽選/なる,51
灯り/なる,51
怪/れる,51
とき/なる,51
バラード/なる,51
本物/れる,51
化粧/なる,51
久しぶり/くれる,51
心/すむ,51
会/れる,51
たび/なる,51
リサ/なる,51
意味/なる,51
心/ひび割れる,51
心/できる,51
つぼみ/出す,51
やから/なる,51
連絡/なる,51
いつ/なる,51
怪談/れる,51
角質/なる,51
好き/なる,51
心/出す,51
期待/れる,51
空気/なる,51
チリ/なる,51
結果/語る,51
ため/なる,51
心/く,51
なみ/なる,51
順番/届く,51
途中/なる,51
結果/越える,51
診察/握りしめる,51
嫌味/くれる,51
抽選/話す,51
声/なる,51
心/いう,51
心/届く,51
殻/なる,51
映像/なる,51
サブ/語る,51
大会/なる,51
やりとり/なる,51
１/れる,51
暖房/なる,51
僕/なる,51
心/降り注ぐ,51
頬/しまう,51
邪魔/なる,51
微か/れる,51
ダンス/なる,51
結果/話す,51
サブ/越える,51
カット/なる,51
一/出る,51
話/届く,51
サブ/話す,51
きっかけ/なる,51
ユーモア/なる,51
年生/なる,51
メガネ/なる,51
心/進む,51
簡単/なる,51
なに/かける,50
す/いく,50
ユニ/いく,50
心/弾く,50
コーン/いく,50
地面/くむ,50
家/てる,50
つぼみ/くむ,50
嘘/くむ,50
永遠/くむ,50
結果/しまう,50
両手/する,50
嘘/出す,50
サブ/しまう,50
くん/いく,50
僕/くむ,50
指/する,50
簡素/てる,50
登録/しまう,50
ギター/いく,50
頬/くれる,50
隙間/する,50
音/出す,50
記憶/落ちる,50
何/する,50
後ろ/いく,50
邪魔/握りしめる,50
いま/いく,50
音/くむ,50
うさぎ/いく,50
嫌/握りしめる,50
０/握りしめる,50
殻/くむ,50
最近/落ちる,50
抽選/しまう,50
化粧/握りしめる,50
永遠/出す,50
カルテット/いく,50
木/てる,50
私/零れる,49
殻/いう,49
抽選/くれる,49
チリ/いる,49
恵一/握りしめる,49
時/届く,49
大会/出す,49
やから/出す,49
曽我部/握りしめる,49
やから/いう,49
年生/出す,49
地面/上げる,49
僕/く,49
さま/いる,49
永遠/上げる,49
つぼみ/く,49
感動/紡ぐ,49
かなり/いる,49
大会/く,49
僕/いう,49
口/はじめる,49
メガネ/いる,49
登録/くれる,49
感動/くむ,49
時/始める,49
音/いう,49
感動/進む,49
口/言える,49
あと/いる,49
色/握りしめる,49
感動/出す,49
苦戦/いる,49
地面/く,49
感動/感じる,49
地面/いう,49
大会/いう,49
カット/いる,49
殻/く,49
年生/いう,49
大会/上げる,49
やから/くむ,49
年生/く,49
感動/上げる,49
私/痛む,49
音/く,49
灯り/握りしめる,49
結果/くれる,49
サブ/くれる,49
レナ/いる,49
永遠/く,49
嘘/上げる,49
感動/く,49
途中/いる,49
パ/いる,49
人形/いる,49
簡単/握りしめる,49
年生/上げる,49
大会/くむ,49
年生/くむ,49
殻/上げる,49
つぼみ/いう,49
僕/上げる,49
嘘/いう,49
声/握りしめる,49
永遠/いう,49
感動/いう,49
笑/建つ,49
音/上げる,49
つぼみ/上げる,49
リサ/いる,49
白壁/握りしめる,49
嘘/く,49
コンタクト/いる,49
やから/上げる,49
やから/く,49
曲/信じる,48
変/信じる,48
乾燥/信じる,48
意味/握りしめる,48
一/上げる,48
眼/泣く,48
カルテット/落ちる,48
闇/いる,48
す/落ちる,48
眼/とく,48
心/信じる,48
木/いく,48
うさぎ/落ちる,48
あなた/信じる,48
撮影/信じる,48
一/くむ,48
おもいで/れる,48
やりとり/握りしめる,48
家/いく,48
前/信じる,48
わたし/信じる,48
一/く,48
くん/落ちる,48
子/信じる,48
嵐/握りしめる,48
コーン/落ちる,48
舞台/信じる,48
眼/流れる,48
後ろ/落ちる,48
回/てる,48
一/いう,48
ユニ/落ちる,48
の/信じる,48
簡素/いく,48
ギター/落ちる,48
眼/ある,48
不明/握りしめる,48
感動/すむ,48
一/進む,48
一/出す,48
台湾/れる,48
顔/信じる,48
最終/てる,48
いま/落ちる,48
パ/話す,47
途中/語る,47
メガネ/語る,47
かなり/語る,47
コンタクト/話す,47
カット/越える,47
とき/く,47
チリ/越える,47
とき/いう,47
あと/越える,47
ため/いう,47
きっかけ/いる,47
途中/話す,47
引越し/くむ,47
部屋/く,47
カット/語る,47
コンタクト/越える,47
レナ/越える,47
眼/なる,47
いつ/いう,47
なみ/上げる,47
リサ/越える,47
ため/上げる,47
心/だす,47
ため/出す,47
リサ/語る,47
レナ/語る,47
さま/語る,47
メガネ/話す,47
チリ/語る,47
あと/話す,47
人形/話す,47
コンタクト/語る,47
もの/いる,47
さま/話す,47
部屋/いう,47
人形/越える,47
なみ/いう,47
ため/くむ,47
とき/くむ,47
なみ/くむ,47
さま/越える,47
かなり/話す,47
パ/越える,47
パ/語る,47
メガネ/越える,47
ため/く,47
チリ/話す,47
人形/語る,47
部屋/くむ,47
カット/話す,47
レナ/話す,47
いつ/出す,47
なみ/出す,47
苦戦/語る,47
引越し/上げる,47
引越し/く,47
いつ/くむ,47
とき/出す,47
部屋/上げる,47
いつ/く,47
いつ/上げる,47
部屋/出す,47
苦戦/話す,47
笑/こぼれる,47
リサ/話す,47
心/あふれる,47
なみ/く,47
苦戦/越える,47
途中/越える,47
あと/語る,47
とき/上げる,47
引越し/出す,47
かなり/越える,47
引越し/いう,47
乾燥/あふれる,46
頭/くむ,46
０/落とす,46
ダンス/握りしめる,46
闇/越える,46
家/落ちる,46
変/だす,46
頭/出す,46
葉っぱ/くむ,46
木/落ちる,46
撮影/だす,46
かなり/しまう,46
キッチン/上げる,46
葉っぱ/出す,46
かお/ある,46
順番/落とす,46
苦戦/しまう,46
こちら/ある,46
曲/だす,46
キッチン/いう,46
期待/てる,46
怪談/てる,46
変/落とす,46
回/いく,46
バラード/握りしめる,46
頭/いう,46
チリ/しまう,46
本物/てる,46
順番/降り注ぐ,46
最終/いく,46
あなた/落とす,46
レナ/しまう,46
闇/語る,46
葉っぱ/上げる,46
こちら/なる,46
生/握りしめる,46
あと/しまう,46
前/落とす,46
かも/握りしめる,46
前/あふれる,46
葉っぱ/いう,46
葉っぱ/く,46
口/動く,46
乾燥/落とす,46
顔/落とす,46
かお/流れる,46
リサ/しまう,46
の/あふれる,46
さま/しまう,46
乾燥/だす,46
子/あふれる,46
こちら/泣く,46
物の怪/てる,46
前/だす,46
カット/しまう,46
こちら/とく,46
会/てる,46
撮影/あふれる,46
感動/届く,46
顔/あふれる,46
あなた/あふれる,46
キッチン/出す,46
かお/とく,46
の/落とす,46
人形/しまう,46
撮影/落とす,46
最高/握りしめる,46
かお/泣く,46
口/貼れる,46
コンタクト/しまう,46
闇/話す,46
心/かける,46
パ/しまう,46
変/あふれる,46
微か/てる,46
奇跡/てる,46
メガネ/しまう,46
度/する,46
の/だす,46
時/落とす,46
頭/く,46
舞台/だす,46
わたし/あふれる,46
舞台/あふれる,46
顔/だす,46
私/言える,46
わたし/落とす,46
舞台/落とす,46
怪/てる,46
キッチン/く,46
かお/なる,46
私/はじめる,46
曲/あふれる,46
わたし/だす,46
話/落とす,46
子/落とす,46
頭/上げる,46
あなた/だす,46
子/だす,46
１/てる,46
こちら/流れる,46
曲/落とす,46
簡素/落ちる,46
感動/始める,46
キッチン/くむ,46
途中/しまう,46
話/降り注ぐ,46
きっかけ/出る,45
途中/出る,45
きっかけ/語る,45
声/出る,45
内容/握りしめる,45
モード/進む,45
省エネ/上げる,45
ら/握りしめる,45
僕/出る,45
モード/く,45
かなり/くれる,45
青年/みる,45
最後/握りしめる,45
さま/出る,45
ら/出る,45
色/出る,45
暖房/出す,45
暖房/出る,45
頭/出る,45
キッチン/進む,45
大会/出る,45
やから/出る,45
苦戦/くれる,45
意味/出る,45
暖房/く,45
肌/出る,45
灯り/出る,45
肌/出す,45
葉っぱ/進む,45
バラード/出る,45
葉っぱ/出る,45
年生/出る,45
省エネ/出る,45
省エネ/出す,45
角質/いう,45
省エネ/進む,45
もの/話す,45
カット/出る,45
ダンス/出る,45
暖房/いう,45
ため/進む,45
話/できる,45
いつ/進む,45
目/みる,45
人/みる,45
冒頭/握りしめる,45
モード/くむ,45
サブ/出る,45
メガネ/出る,45
空気/いう,45
肌/く,45
なみ/進む,45
連絡/出る,45
あと/くれる,45
とき/進む,45
恵一/出る,45
一/言う,45
曽我部/出る,45
生/出る,45
省エネ/くむ,45
あら/出る,45
嘘/進む,45
空気/出す,45
角質/上げる,45
空気/出る,45
殻/出る,45
かなり/出る,45
冒頭/出る,45
メガネ/くれる,45
レナ/くれる,45
カット/くれる,45
化粧/出る,45
素敵/なる,45
診察/出る,45
不明/出る,45
頭/進む,45
音/進む,45
結果/出る,45
プレゼント/なる,45
永遠/進む,45
闇/しまう,45
モード/いう,45
暖房/進む,45
角質/進む,45
あと/出る,45
引越し/進む,45
年生/進む,45
苦戦/出る,45
ため/出る,45
もの/出る,45
嫌/出る,45
室/出る,45
話/伝える,45
嵐/出る,45
チリ/出る,45
たび/出る,45
人形/くれる,45
ともだち/出る,45
内容/出る,45
結局/握りしめる,45
肌/いう,45
空気/進む,45
途中/くれる,45
僕/進む,45
かも/出る,45
パ/くれる,45
嘘/出る,45
結婚/出る,45
暖房/上げる,45
角質/くむ,45
順番/伝える,45
コンタクト/出る,45
肌/進む,45
お家/なる,45
やりとり/出る,45
大会/進む,45
音/出る,45
キッチン/出る,45
邪魔/出る,45
チリ/くれる,45
地面/進む,45
抽選/出る,45
簡単/出る,45
つぼみ/出る,45
モード/上げる,45
順番/できる,45
空気/く,45
ユーモア/出る,45
歌/みる,45
きっかけ/越える,45
先生/出る,45
映像/握りしめる,45
モード/出る,45
やから/進む,45
肌/上げる,45
角質/く,45
いつ/出る,45
頬/出る,45
なみ/出る,45
本音/出る,45
モード/出す,45
パ/出る,45
登録/出る,45
殻/進む,45
とき/出る,45
生活/出る,45
結局/出る,45
部屋/進む,45
リサ/出る,45
省エネ/く,45
闇/出る,45
部屋/出る,45
きっかけ/話す,45
レナ/出る,45
暖房/くむ,45
空気/くむ,45
空気/上げる,45
あら/握りしめる,45
もの/語る,45
人形/出る,45
省エネ/いう,45
つぼみ/進む,45
はず/みる,45
映像/出る,45
地面/出る,45
永遠/出る,45
もの/越える,45
角質/出す,45
角質/出る,45
さま/くれる,45
たび/握りしめる,45
さん/みる,45
肌/くむ,45
最後/出る,45
久しぶり/出る,45
好き/出る,45
引越し/出る,45
リサ/くれる,45
こと/出る,45
最高/出る,45
コンタクト/くれる,45
白壁/出る,45
嫌味/出る,45
お家/流れる,44
ともだち/くむ,44
先生/握りしめる,44
物の怪/いく,44
ユーモア/握りしめる,44
の/かける,44
本音/握りしめる,44
素敵/流れる,44
微か/いく,44
あなた/かける,44
闇/くれる,44
お家/ある,44
生活/握りしめる,44
プレゼント/ある,44
舞台/かける,44
時/降り注ぐ,44
話/ひび割れる,44
顔/かける,44
連絡/出す,44
連絡/いう,44
大粒/する,44
曲/かける,44
ともだち/上げる,44
素敵/とく,44
もの/しまう,44
怪/いく,44
お家/泣く,44
台湾/てる,44
奇跡/いく,44
なに/建つ,44
プレゼント/とく,44
記憶/なる,44
ともだち/進む,44
ともだち/いう,44
ともだち/出す,44
素敵/泣く,44
一/紡ぐ,44
最近/なる,44
前/かける,44
お家/とく,44
１/いく,44
嫌味/握りしめる,44
撮影/かける,44
好き/握りしめる,44
久しぶり/握りしめる,44
こと/握りしめる,44
連絡/上げる,44
眼/出る,44
連絡/く,44
おもいで/てる,44
連絡/くむ,44
変/かける,44
子/かける,44
きっかけ/しまう,44
プレゼント/泣く,44
プレゼント/流れる,44
期待/いく,44
ともだち/く,44
素敵/ある,44
わたし/かける,44
一/感じる,44
回/落ちる,44
結婚/握りしめる,44
順番/ひび割れる,44
本物/いく,44
怪談/いく,44
会/いく,44
乾燥/かける,44
連絡/進む,44
最終/落ちる,44
順番/弾く,43
私/貼れる,43
診察/く,43
くん/なる,43
時/伝える,43
室/進む,43
こちら/出る,43
うさぎ/なる,43
カルテット/なる,43
頬/握りしめる,43
室/くむ,43
後ろ/なる,43
いま/なる,43
話/弾く,43
心/建つ,43
診察/上げる,43
もの/くれる,43
室/上げる,43
ユニ/なる,43
かお/出る,43
す/なる,43
室/く,43
コーン/なる,43
診察/いう,43
室/いう,43
きっかけ/くれる,43
時/できる,43
診察/出す,43
診察/進む,43
感動/落とす,43
診察/くむ,43
ギター/なる,43
室/出す,43
眼/いる,43
私/動く,43
おもいで/いく,42
嫌/くむ,42
かお/いる,42
嫌/く,42
邪魔/く,42
歌/零れる,42
記憶/とく,42
歌/痛む,42
心/こぼれる,42
怪談/落ちる,42
お家/出る,42
物の怪/落ちる,42
化粧/いう,42
奇跡/落ちる,42
微か/落ちる,42
会/落ちる,42
記憶/ある,42
最近/泣く,42
こちら/いる,42
最近/ある,42
邪魔/上げる,42
化粧/出す,42
期待/落ちる,42
化粧/くむ,42
嫌/進む,42
人/零れる,42
邪魔/いう,42
なに/こぼれる,42
嫌/出す,42
青年/零れる,42
青年/痛む,42
化粧/く,42
怪/落ちる,42
寒空/れる,42
結果/握りしめる,42
素敵/出る,42
さん/零れる,42
口/でる,42
抽選/握りしめる,42
簡素/なる,42
邪魔/出す,42
はず/痛む,42
はず/零れる,42
プレゼント/出る,42
時/ひび割れる,42
木/なる,42
記憶/流れる,42
化粧/上げる,42
最近/とく,42
邪魔/くむ,42
本物/落ちる,42
目/零れる,42
邪魔/進む,42
最近/流れる,42
嫌/いう,42
さん/痛む,42
記憶/泣く,42
化粧/進む,42
サブ/握りしめる,42
登録/握りしめる,42
人/痛む,42
嫌/上げる,42
家/なる,42
１/落ちる,42
台湾/いく,42
目/痛む,42
殻/感じる,41
灯り/上げる,41
嫌/紡ぐ,41
簡単/く,41
声/出す,41
話/信じる,41
診察/感じる,41
最終/なる,41
プレゼント/いる,41
曽我部/いう,41
ともだち/紡ぐ,41
色/出す,41
嘘/紡ぐ,41
簡単/紡ぐ,41
灯り/進む,41
色/感じる,41
声/いう,41
灯り/感じる,41
灯り/出す,41
簡単/いう,41
空気/紡ぐ,41
とき/感じる,41
連絡/紡ぐ,41
恵一/紡ぐ,41
色/くむ,41
白壁/くむ,41
簡単/進む,41
時/弾く,41
曽我部/く,41
頭/感じる,41
年生/感じる,41
永遠/感じる,41
最近/出る,41
簡単/感じる,41
白壁/上げる,41
化粧/紡ぐ,41
記憶/出る,41
お家/いる,41
恵一/上げる,41
曽我部/出す,41
恵一/出す,41
暖房/紡ぐ,41
いつ/紡ぐ,41
肌/紡ぐ,41
僕/感じる,41
ため/紡ぐ,41
何/くる,41
年生/紡ぐ,41
引越し/感じる,41
色/進む,41
隙間/くる,41
嘘/感じる,41
恵一/感じる,41
角質/感じる,41
曽我部/くむ,41
色/いう,41
色/上げる,41
眼/話す,41
簡単/上げる,41
モード/紡ぐ,41
頭/紡ぐ,41
モード/感じる,41
声/紡ぐ,41
大会/紡ぐ,41
いつ/感じる,41
灯り/紡ぐ,41
部屋/感じる,41
声/く,41
曽我部/紡ぐ,41
肌/感じる,41
省エネ/紡ぐ,41
白壁/進む,41
順番/信じる,41
感動/降り注ぐ,41
永遠/紡ぐ,41
邪魔/感じる,41
葉っぱ/感じる,41
曽我部/進む,41
キッチン/感じる,41
ともだち/感じる,41
暖房/感じる,41
なみ/感じる,41
やから/感じる,41
曽我部/感じる,41
灯り/くむ,41
診察/紡ぐ,41
曽我部/上げる,41
つぼみ/感じる,41
眼/越える,41
連絡/感じる,41
地面/感じる,41
殻/紡ぐ,41
両手/くる,41
灯り/く,41
引越し/紡ぐ,41
つぼみ/紡ぐ,41
化粧/感じる,41
なみ/紡ぐ,41
簡単/出す,41
葉っぱ/紡ぐ,41
色/紡ぐ,41
白壁/く,41
恵一/くむ,41
眼/語る,41
色/く,41
僕/紡ぐ,41
声/上げる,41
部屋/紡ぐ,41
声/感じる,41
室/感じる,41
音/感じる,41
とき/紡ぐ,41
省エネ/感じる,41
声/くむ,41
声/進む,41
音/紡ぐ,41
白壁/紡ぐ,41
やから/紡ぐ,41
地面/紡ぐ,41
嫌/感じる,41
大会/感じる,41
素敵/いる,41
キッチン/紡ぐ,41
邪魔/紡ぐ,41
角質/紡ぐ,41
恵一/いう,41
白壁/いう,41
ため/感じる,41
指/くる,41
恵一/く,41
笑/みる,41
空気/感じる,41
白壁/感じる,41
回/なる,41
恵一/進む,41
灯り/いう,41
室/紡ぐ,41
簡単/くむ,41
白壁/出す,41
くん/泣く,40
嵐/感じる,40
変/おちる,40
台湾/落ちる,40
不明/く,40
奇跡/なる,40
乾燥/おちる,40
嵐/上げる,40
後ろ/泣く,40
意味/出す,40
不明/くむ,40
順番/おちる,40
ユニ/出る,40
嵐/く,40
怪談/なる,40
曲/おちる,40
意味/進む,40
順番/だす,40
やりとり/紡ぐ,40
やりとり/いう,40
コーン/流れる,40
やりとり/感じる,40
嵐/紡ぐ,40
わたし/おちる,40
不明/紡ぐ,40
後ろ/流れる,40
意味/く,40
意味/いう,40
くん/ある,40
前/おちる,40
こちら/語る,40
後ろ/とく,40
感動/伝える,40
あなた/おちる,40
不明/感じる,40
嵐/くむ,40
会/なる,40
ギター/出る,40
ユニ/流れる,40
不明/進む,40
コーン/ある,40
す/流れる,40
不明/出す,40
物の怪/なる,40
くん/流れる,40
やりとり/進む,40
意味/紡ぐ,40
うさぎ/ある,40
話/おちる,40
口/流れ落ちる,40
コーン/泣く,40
ギター/泣く,40
かお/話す,40
いま/とく,40
微か/なる,40
期待/なる,40
の/おちる,40
嵐/出す,40
不明/いう,40
最近/いる,40
嵐/進む,40
こちら/話す,40
記憶/いる,40
後ろ/出る,40
順番/あふれる,40
かお/越える,40
話/あふれる,40
舞台/おちる,40
顔/おちる,40
後ろ/ある,40
０/おちる,40
意味/くむ,40
ユニ/とく,40
やりとり/出す,40
くん/とく,40
話/だす,40
本物/なる,40
コーン/出る,40
かお/語る,40
撮影/おちる,40
１/なる,40
やりとり/上げる,40
す/とく,40
いま/出る,40
子/おちる,40
不明/上げる,40
す/泣く,40
やりとり/く,40
寒空/てる,40
こちら/越える,40
ギター/ある,40
うさぎ/流れる,40
嵐/いう,40
うさぎ/とく,40
カルテット/出る,40
うさぎ/泣く,40
いま/流れる,40
怪/なる,40
意味/感じる,40
感動/できる,40
やりとり/くむ,40
いま/泣く,40
カルテット/泣く,40
カルテット/ある,40
時/おちる,40
いま/ある,40
ユニ/泣く,40
カルテット/流れる,40
うさぎ/出る,40
カルテット/とく,40
コーン/とく,40
す/ある,40
ユニ/ある,40
ギター/とく,40
眼/しまう,40
おもいで/落ちる,40
意味/上げる,40
ギター/流れる,40
す/出る,40
くん/出る,40
たび/言う,39
登録/言う,39
きっかけ/言う,39
永遠/言う,39
カット/言う,39
恵一/言う,39
意味/言う,39
抽選/言う,39
す/いる,39
灯り/言う,39
ここ/れる,39
ユーモア/言う,39
さま/言う,39
年生/言う,39
ユニ/いる,39
心/みる,39
嘘/言う,39
闇/言う,39
さん/はじめる,39
こと/言う,39
コーン/いる,39
暖房/言う,39
白壁/言う,39
チリ/言う,39
バラード/言う,39
色/言う,39
途中/言う,39
人/はじめる,39
冒頭/言う,39
久しぶり/言う,39
引越し/言う,39
一/すむ,39
お家/話す,39
好き/言う,39
感動/ひび割れる,39
プレゼント/語る,39
モード/言う,39
ギター/いる,39
苦戦/言う,39
角質/言う,39
室/言う,39
化粧/言う,39
最後/言う,39
生/言う,39
さん/言える,39
メガネ/言う,39
青年/言える,39
歌/はじめる,39
とき/言う,39
つぼみ/言う,39
お家/語る,39
くん/いる,39
眼/言う,39
内容/言う,39
本音/言う,39
僕/言う,39
大会/言う,39
葉っぱ/言う,39
サブ/言う,39
コンタクト/言う,39
ら/言う,39
台湾/なる,39
ピンク/れる,39
はず/言える,39
ともだち/言う,39
笑/痛む,39
簡単/言う,39
時/信じる,39
不明/言う,39
診察/言う,39
話/かける,39
やから/言う,39
省エネ/言う,39
音/言う,39
はず/はじめる,39
素敵/越える,39
後ろ/いる,39
本心/れる,39
殻/言う,39
結婚/言う,39
肌/言う,39
結局/言う,39
邪魔/言う,39
声/言う,39
素敵/語る,39
こちら/しまう,39
いま/いる,39
結果/言う,39
目/言える,39
もの/言う,39
かも/言う,39
頬/言う,39
うさぎ/いる,39
リサ/言う,39
嵐/言う,39
映像/言う,39
レナ/言う,39
素敵/話す,39
プレゼント/話す,39
人/言える,39
プレゼント/越える,39
パ/言う,39
おもいで/なる,39
あら/言う,39
眼/くれる,39
なみ/言う,39
生活/言う,39
歌/言える,39
空気/言う,39
部屋/言う,39
嫌/言う,39
キッチン/言う,39
笑/零れる,39
ため/言う,39
先生/言う,39
かなり/言う,39
青年/はじめる,39
地面/言う,39
嫌味/言う,39
目/はじめる,39
頭/言う,39
人形/言う,39
あと/言う,39
連絡/言う,39
かお/しまう,39
ダンス/言う,39
いつ/言う,39
お家/越える,39
カルテット/いる,39
やりとり/言う,39
曽我部/言う,39
順番/かける,39
最高/言う,39
途中/握りしめる,38
かも/く,38
簡素/泣く,38
木/流れる,38
為/する,38
時/だす,38
人形/握りしめる,38
バラード/出す,38
感動/おちる,38
バラード/いう,38
最高/感じる,38
記憶/語る,38
バラード/く,38
生/くむ,38
家/出る,38
ダンス/出す,38
生/感じる,38
私/でる,38
ダンス/紡ぐ,38
かも/進む,38
本心/てる,38
生/進む,38
木/泣く,38
木/ある,38
お家/しまう,38
簡素/ある,38
生/出す,38
ダンス/く,38
家/流れる,38
かも/くむ,38
生/く,38
リサ/握りしめる,38
最近/話す,38
こちら/くれる,38
簡素/出る,38
家/ある,38
木/いる,38
バラード/上げる,38
カット/握りしめる,38
寒空/いく,38
簡素/とく,38
時/あふれる,38
バラード/紡ぐ,38
かも/上げる,38
簡素/流れる,38
曲/建つ,38
木/出る,38
チリ/握りしめる,38
心/痛む,38
最近/語る,38
こちら/言う,38
メガネ/握りしめる,38
ダンス/いう,38
生/上げる,38
かお/くれる,38
かも/出す,38
パ/握りしめる,38
バラード/くむ,38
プレゼント/しまう,38
家/いる,38
最近/越える,38
感動/弾く,38
かも/紡ぐ,38
あなた/建つ,38
かなり/握りしめる,38
変/建つ,38
最高/紡ぐ,38
木/とく,38
ダンス/感じる,38
ここ/てる,38
素敵/しまう,38
ダンス/進む,38
わたし/建つ,38
子/建つ,38
記憶/越える,38
バラード/感じる,38
レナ/握りしめる,38
最高/くむ,38
撮影/建つ,38
心/零れる,38
生/紡ぐ,38
苦戦/握りしめる,38
顔/建つ,38
生/いう,38
最高/く,38
バラード/進む,38
さま/握りしめる,38
舞台/建つ,38
ダンス/上げる,38
あと/握りしめる,38
乾燥/建つ,38
ダンス/くむ,38
かも/感じる,38
家/泣く,38
簡素/いる,38
前/建つ,38
コンタクト/握りしめる,38
記憶/話す,38
最高/上げる,38
かお/言う,38
最高/いう,38
かも/いう,38
最高/進む,38
の/建つ,38
ピンク/てる,38
最高/出す,38
家/とく,38
あら/上げる,37
コーン/越える,37
あら/紡ぐ,37
最後/くむ,37
コーン/語る,37
ら/出す,37
カルテット/越える,37
たび/いう,37
ギター/語る,37
内容/紡ぐ,37
ら/進む,37
たび/く,37
プレゼント/言う,37
あら/くむ,37
最後/く,37
一/始める,37
最後/進む,37
内容/くむ,37
笑/はじめる,37
後ろ/話す,37
冒頭/いう,37
心/言える,37
冒頭/紡ぐ,37
いま/越える,37
うさぎ/話す,37
いま/話す,37
結局/上げる,37
結局/くむ,37
素敵/言う,37
あら/進む,37
あら/出す,37
最近/しまう,37
冒頭/出す,37
冒頭/感じる,37
映像/上げる,37
英語/なる,37
ら/上げる,37
くん/越える,37
たび/紡ぐ,37
結局/感じる,37
うさぎ/越える,37
ら/紡ぐ,37
映像/く,37
私/流れ落ちる,37
プレゼント/くれる,37
映像/いう,37
コーン/話す,37
す/語る,37
内容/出す,37
ら/くむ,37
ユニ/話す,37
寒空/なる,37
うさぎ/語る,37
冒頭/く,37
映像/紡ぐ,37
最後/上げる,37
時/かける,37
お家/言う,37
冒頭/進む,37
映像/進む,37
結局/いう,37
す/越える,37
ギター/越える,37
ユニ/語る,37
あら/感じる,37
たび/くむ,37
後ろ/語る,37
ギター/話す,37
素敵/くれる,37
結局/紡ぐ,37
くん/話す,37
映像/感じる,37
度/くる,37
内容/感じる,37
たび/進む,37
一/届く,37
あら/く,37
冒頭/上げる,37
あら/いう,37
冒頭/くむ,37
カルテット/話す,37
たび/上げる,37
内容/上げる,37
闇/握りしめる,37
内容/いう,37
たび/感じる,37
内容/く,37
記憶/しまう,37
ら/いう,37
最後/いう,37
映像/くむ,37
いま/語る,37
後ろ/越える,37
くん/語る,37
お家/くれる,37
映像/出す,37
ら/感じる,37
笑/言える,37
最後/感じる,37
たび/出す,37
ら/く,37
内容/進む,37
ユニ/越える,37
最後/出す,37
結局/出す,37
カルテット/語る,37
結局/進む,37
結局/く,37
心/はじめる,37
す/話す,37
最後/紡ぐ,37
室/すむ,36
いま/しまう,36
生活/進む,36
声/すむ,36
ピンク/なる,36
最終/いる,36
殻/すむ,36
ここ/いく,36
ら/すむ,36
もの/握りしめる,36
感動/信じる,36
年生/すむ,36
久しぶり/感じる,36
本音/上げる,36
結婚/上げる,36
家/語る,36
木/語る,36
意味/すむ,36
家/話す,36
先生/すむ,36
こと/く,36
僕/すむ,36
興奮/れる,36
曽我部/すむ,36
ユーモア/上げる,36
診察/すむ,36
結婚/出す,36
生活/くむ,36
うさぎ/しまう,36
本音/進む,36
乾燥/こぼれる,36
本音/くむ,36
簡単/すむ,36
冒頭/すむ,36
最終/流れる,36
ダンス/すむ,36
生活/感じる,36
邪魔/すむ,36
回/出る,36
好き/感じる,36
結婚/感じる,36
省エネ/すむ,36
嫌味/上げる,36
久しぶり/くむ,36
本心/いく,36
灯り/すむ,36
最終/泣く,36
こと/進む,36
好き/上げる,36
後ろ/しまう,36
好き/く,36
順番/建つ,36
本音/すむ,36
結婚/くむ,36
わたし/こぼれる,36
目/動く,36
興奮/てる,36
回/いる,36
最終/出る,36
の/こぼれる,36
先生/出す,36
嫌味/く,36
たび/すむ,36
生活/く,36
きっかけ/握りしめる,36
嫌味/進む,36
化粧/すむ,36
回/ある,36
結婚/紡ぐ,36
最終/とく,36
結婚/く,36
カルテット/しまう,36
ピンク/いく,36
久しぶり/上げる,36
こと/感じる,36
変/こぼれる,36
こと/上げる,36
キッチン/すむ,36
青年/動く,36
不明/すむ,36
好き/いう,36
歌/貼れる,36
なに/みる,36
嫌味/紡ぐ,36
寒空/落ちる,36
先生/上げる,36
あまり/てる,36
記憶/くれる,36
頭/すむ,36
生活/紡ぐ,36
す/しまう,36
ユニ/しまう,36
空気/すむ,36
こと/紡ぐ,36
木/越える,36
なみ/すむ,36
好き/すむ,36
家/越える,36
久しぶり/すむ,36
人/貼れる,36
こと/いう,36
前/こぼれる,36
最終/ある,36
回/流れる,36
映像/すむ,36
ユーモア/進む,36
大会/すむ,36
結局/すむ,36
連絡/すむ,36
バラード/すむ,36
ここ/なる,36
音/すむ,36
暖房/すむ,36
本音/紡ぐ,36
嘘/すむ,36
目/貼れる,36
嫌味/くむ,36
本音/感じる,36
あまり/れる,36
本音/いう,36
久しぶり/いう,36
簡素/語る,36
生活/上げる,36
嵐/すむ,36
最近/くれる,36
いつ/すむ,36
ユーモア/いう,36
はず/貼れる,36
生/すむ,36
つぼみ/すむ,36
さん/貼れる,36
嫌味/すむ,36
大粒/くる,36
好き/紡ぐ,36
こと/くむ,36
歌/動く,36
葉っぱ/すむ,36
ユーモア/紡ぐ,36
撮影/こぼれる,36
簡素/越える,36
結婚/すむ,36
回/泣く,36
先生/感じる,36
久しぶり/く,36
部屋/すむ,36
ユーモア/すむ,36
ユーモア/出す,36
本音/く,36
好き/くむ,36
コーン/しまう,36
久しぶり/進む,36
さん/動く,36
顔/こぼれる,36
かも/すむ,36
やりとり/すむ,36
先生/くむ,36
回/とく,36
あら/すむ,36
生活/すむ,36
本音/出す,36
内容/すむ,36
先生/く,36
生活/出す,36
生活/いう,36
本心/なる,36
人/動く,36
はず/動く,36
先生/紡ぐ,36
結婚/進む,36
白壁/すむ,36
肌/すむ,36
青年/貼れる,36
ユーモア/感じる,36
先生/いう,36
久しぶり/紡ぐ,36
ユーモア/く,36
モード/すむ,36
あなた/こぼれる,36
話/建つ,36
ギター/しまう,36
舞台/こぼれる,36
好き/進む,36
やから/すむ,36
こと/すむ,36
結婚/いう,36
永遠/すむ,36
最後/すむ,36
色/すむ,36
最近/言う,36
木/話す,36
嫌/すむ,36
角質/すむ,36
引越し/すむ,36
ユーモア/くむ,36
記憶/言う,36
子/こぼれる,36
曲/こぼれる,36
ともだち/すむ,36
久しぶり/出す,36
地面/すむ,36
好き/出す,36
嫌味/感じる,36
ため/すむ,36
とき/すむ,36
最高/すむ,36
簡素/話す,36
こと/出す,36
嫌味/いう,36
恵一/すむ,36
先生/進む,36
嫌味/出す,36
くん/しまう,36
頬/くむ,35
心/動く,35
回/語る,35
ユニ/くれる,35
カルテット/くれる,35
うさぎ/くれる,35
笑/動く,35
後ろ/言う,35
す/言う,35
頬/紡ぐ,35
家/しまう,35
いま/言う,35
くん/言う,35
中/続く,35
回/越える,35
話/こぼれる,35
カルテット/言う,35
簡素/しまう,35
興奮/なる,35
くん/くれる,35
最終/話す,35
す/くれる,35
笑/貼れる,35
順番/こぼれる,35
心/貼れる,35
感動/だす,35
ん/続く,35
後ろ/くれる,35
頬/進む,35
頬/感じる,35
いま/くれる,35
あまり/なる,35
感動/あふれる,35
ギター/言う,35
最終/語る,35
木/しまう,35
ギター/くれる,35
ユニ/言う,35
頬/出す,35
頬/く,35
頬/いう,35
回/話す,35
最終/越える,35
うさぎ/言う,35
頬/すむ,35
頬/上げる,35
コーン/言う,35
コーン/くれる,35
恵一/始める,34
簡単/届く,34
奇跡/とく,34
不明/届く,34
なに/零れる,34
抽選/感じる,34
家/言う,34
診察/始める,34
結局/届く,34
曽我部/届く,34
殻/始める,34
物の怪/ある,34
ダンス/届く,34
１/語る,34
声/始める,34
僕/届く,34
地面/届く,34
０/あふれる,34
かも/始める,34
灯り/始める,34
空気/届く,34
会/泣く,34
サブ/進む,34
物の怪/いる,34
期待/泣く,34
葉っぱ/始める,34
登録/いう,34
サブ/出す,34
０/すむ,34
１/越える,34
抽選/進む,34
空気/始める,34
先生/届く,34
１/泣く,34
あまり/いく,34
ユーモア/届く,34
サブ/届く,34
怪/話す,34
永遠/始める,34
木/くれる,34
年生/届く,34
会/とく,34
微か/いる,34
０/伝える,34
モード/届く,34
微か/流れる,34
白壁/届く,34
簡単/始める,34
省エネ/届く,34
抽選/始める,34
頬/始める,34
やりとり/届く,34
生/始める,34
モード/始める,34
年生/始める,34
好き/始める,34
久しぶり/始める,34
奇跡/流れる,34
こと/届く,34
本音/始める,34
たび/届く,34
こと/始める,34
本物/泣く,34
最後/始める,34
引越し/始める,34
木/言う,34
物の怪/越える,34
嵐/届く,34
０/届く,34
省エネ/始める,34
簡素/くれる,34
本物/話す,34
０/いう,34
奇跡/語る,34
結果/すむ,34
怪/出る,34
怪/語る,34
とき/届く,34
微か/ある,34
０/こぼれる,34
引越し/届く,34
角質/届く,34
連絡/届く,34
抽選/届く,34
かも/届く,34
０/く,34
結果/く,34
奇跡/出る,34
怪談/泣く,34
ピンク/落ちる,34
邪魔/始める,34
内容/始める,34
なに/痛む,34
色/始める,34
結局/始める,34
バラード/始める,34
化粧/始める,34
抽選/上げる,34
恵一/届く,34
怪/いる,34
意味/届く,34
音/届く,34
抽選/いう,34
抽選/すむ,34
怪談/とく,34
結婚/届く,34
邪魔/届く,34
本物/流れる,34
本物/出る,34
嘘/届く,34
好き/届く,34
登録/く,34
本音/届く,34
たび/始める,34
抽選/く,34
嫌味/始める,34
奇跡/いる,34
やりとり/始める,34
微か/とく,34
肌/届く,34
灯り/届く,34
サブ/く,34
ため/始める,34
白壁/始める,34
１/ある,34
物の怪/語る,34
０/出す,34
久しぶり/届く,34
結果/進む,34
サブ/紡ぐ,34
サブ/感じる,34
サブ/くむ,34
怪/ある,34
登録/くむ,34
０/始める,34
最高/届く,34
回/しまう,34
僕/始める,34
大会/届く,34
暖房/届く,34
意味/始める,34
頭/始める,34
いつ/始める,34
声/届く,34
化粧/届く,34
つぼみ/届く,34
微か/出る,34
ともだち/届く,34
いつ/届く,34
奇跡/越える,34
部屋/始める,34
嫌/始める,34
映像/届く,34
結婚/始める,34
０/建つ,34
室/始める,34
やから/始める,34
時/建つ,34
０/弾く,34
暖房/始める,34
期待/ある,34
本物/とく,34
ダンス/始める,34
微か/語る,34
１/いる,34
物の怪/とく,34
連絡/始める,34
最後/届く,34
０/だす,34
１/出る,34
室/届く,34
嫌/届く,34
奇跡/ある,34
地面/始める,34
本物/語る,34
あら/始める,34
結果/始める,34
会/越える,34
会/語る,34
抽選/出す,34
登録/始める,34
会/流れる,34
登録/すむ,34
なみ/届く,34
あら/届く,34
本物/越える,34
最高/始める,34
怪/越える,34
永遠/届く,34
なみ/始める,34
抽選/紡ぐ,34
生活/始める,34
ともだち/始める,34
物の怪/流れる,34
ら/始める,34
微か/話す,34
期待/越える,34
０/上げる,34
簡素/言う,34
１/話す,34
結果/上げる,34
家/くれる,34
怪/流れる,34
結果/感じる,34
色/届く,34
０/ひび割れる,34
怪談/越える,34
抽選/くむ,34
奇跡/話す,34
部屋/届く,34
やから/届く,34
怪談/ある,34
キッチン/始める,34
音/始める,34
０/進む,34
サブ/すむ,34
期待/いる,34
０/信じる,34
頭/届く,34
ここ/落ちる,34
角質/始める,34
登録/進む,34
最終/しまう,34
会/話す,34
映像/始める,34
会/ある,34
物の怪/話す,34
大会/始める,34
結果/届く,34
怪談/語る,34
登録/感じる,34
サブ/上げる,34
頬/届く,34
結果/紡ぐ,34
登録/出す,34
ユーモア/始める,34
嘘/始める,34
葉っぱ/届く,34
物の怪/出る,34
とき/始める,34
サブ/いう,34
曽我部/始める,34
期待/語る,34
結果/くむ,34
本物/ある,34
期待/話す,34
生活/届く,34
怪談/流れる,34
期待/出る,34
０/かける,34
０/くむ,34
本物/いる,34
１/とく,34
奇跡/泣く,34
怪/とく,34
冒頭/始める,34
怪談/いる,34
不明/始める,34
興奮/いく,34
会/いる,34
つぼみ/始める,34
０/感じる,34
１/流れる,34
期待/とく,34
会/出る,34
肌/始める,34
登録/上げる,34
０/できる,34
結果/いう,34
ら/届く,34
内容/届く,34
物の怪/泣く,34
登録/紡ぐ,34
先生/始める,34
怪談/話す,34
０/降り注ぐ,34
生/届く,34
キッチン/届く,34
嫌味/届く,34
登録/届く,34
微か/泣く,34
感動/かける,34
バラード/届く,34
怪/泣く,34
冒頭/届く,34
怪談/出る,34
診察/届く,34
ため/届く,34
０/紡ぐ,34
殻/届く,34
期待/流れる,34
結果/出す,34
微か/越える,34
嵐/始める,34
サブ/始める,34
本心/落ちる,34
最終/くれる,33
口/こめる,33
最終/言う,33
期待/しまう,33
怪/しまう,33
１/しまう,33
時/こぼれる,33
回/言う,33
微か/しまう,33
口/出来る,33
回/くれる,33
怪談/しまう,33
涙/溢れる,33
物の怪/しまう,33
奇跡/しまう,33
本物/しまう,33
会/しまう,33
口/壊れる,33
口/乗る,33
おもいで/いる,32
眼/握りしめる,32
おもいで/出る,32
本物/くれる,32
なに/はじめる,32
おもいで/ある,32
あまり/落ちる,32
怪談/言う,32
微か/言う,32
台湾/流れる,32
物の怪/言う,32
おもいで/越える,32
おもいで/語る,32
台湾/出る,32
期待/言う,32
一/降り注ぐ,32
１/くれる,32
興奮/落ちる,32
おもいで/流れる,32
怪/くれる,32
おもいで/しまう,32
１/言う,32
奇跡/言う,32
台湾/とく,32
台湾/しまう,32
おもいで/とく,32
本物/言う,32
英語/いく,32
台湾/語る,32
台湾/話す,32
台湾/ある,32
物の怪/くれる,32
台湾/泣く,32
おもいで/泣く,32
怪/言う,32
期待/くれる,32
微か/くれる,32
おもいで/話す,32
怪談/くれる,32
会/くれる,32
会/言う,32
台湾/越える,32
台湾/いる,32
奇跡/くれる,32
なに/言える,32
感動/建つ,31
かお/握りしめる,31
おもいで/くれる,31
私/こめる,31
こちら/握りしめる,31
私/乗る,31
為/くる,31
台湾/言う,31
私/出来る,31
私/壊れる,31
おもいで/言う,31
一/伝える,31
台湾/くれる,31
一/できる,31
途中/出す,30
パ/始める,30
コンタクト/進む,30
乾燥/みる,30
なに/貼れる,30
パ/進む,30
かなり/く,30
カット/くむ,30
歌/でる,30
英語/てる,30
苦戦/くむ,30
チリ/感じる,30
コンタクト/すむ,30
さま/出す,30
かなり/くむ,30
チリ/いう,30
寒空/しまう,30
レナ/上げる,30
人形/進む,30
指/なる,30
チリ/紡ぐ,30
レナ/進む,30
隙間/なる,30
メガネ/進む,30
苦戦/上げる,30
コンタクト/上げる,30
レナ/くむ,30
途中/すむ,30
リサ/届く,30
カット/出す,30
さま/感じる,30
話/みる,30
人形/くむ,30
かなり/紡ぐ,30
コンタクト/紡ぐ,30
パ/くむ,30
途中/感じる,30
リサ/紡ぐ,30
さま/いう,30
カット/紡ぐ,30
コンタクト/届く,30
さま/く,30
チリ/始める,30
さま/すむ,30
メガネ/出す,30
かなり/いう,30
途中/紡ぐ,30
カット/始める,30
かなり/感じる,30
人/流れ落ちる,30
パ/感じる,30
さん/でる,30
の/みる,30
両手/なる,30
苦戦/紡ぐ,30
パ/く,30
あと/くむ,30
リサ/すむ,30
かなり/出す,30
お家/握りしめる,30
目/でる,30
メガネ/いう,30
カット/感じる,30
レナ/く,30
かなり/届く,30
あと/始める,30
青年/流れ落ちる,30
あと/進む,30
さん/流れ落ちる,30
メガネ/始める,30
０/みる,30
パ/紡ぐ,30
人形/く,30
メガネ/紡ぐ,30
はず/流れ落ちる,30
苦戦/感じる,30
レナ/届く,30
苦戦/く,30
舞台/みる,30
苦戦/すむ,30
何/なる,30
苦戦/出す,30
笑/流れ落ちる,30
さま/くむ,30
苦戦/いう,30
コンタクト/く,30
チリ/出す,30
さま/紡ぐ,30
あと/く,30
リサ/進む,30
パ/すむ,30
リサ/出す,30
チリ/進む,30
カット/いう,30
メガネ/く,30
リサ/感じる,30
チリ/くむ,30
カット/く,30
メガネ/すむ,30
人/でる,30
メガネ/感じる,30
途中/始める,30
チリ/届く,30
あと/届く,30
感動/こぼれる,30
なに/動く,30
レナ/始める,30
リサ/くむ,30
はず/でる,30
さま/進む,30
あと/出す,30
コンタクト/出す,30
度/なる,30
リサ/く,30
曲/みる,30
苦戦/始める,30
レナ/紡ぐ,30
レナ/いう,30
プレゼント/握りしめる,30
人形/上げる,30
途中/上げる,30
かなり/上げる,30
心/流れ落ちる,30
途中/く,30
カット/すむ,30
人形/届く,30
子/みる,30
目/流れ落ちる,30
歌/流れ落ちる,30
顔/みる,30
人形/始める,30
途中/いう,30
変/みる,30
途中/進む,30
カット/上げる,30
あと/いう,30
青年/でる,30
リサ/始める,30
チリ/すむ,30
メガネ/届く,30
コンタクト/くむ,30
途中/届く,30
レナ/感じる,30
わたし/みる,30
パ/いう,30
前/みる,30
あと/感じる,30
人形/いう,30
パ/出す,30
あなた/みる,30
レナ/すむ,30
あと/上げる,30
かなり/始める,30
コンタクト/いう,30
人形/紡ぐ,30
かなり/すむ,30
苦戦/届く,30
笑/でる,30
さま/始める,30
リサ/上げる,30
レナ/出す,30
パ/届く,30
かなり/進む,30
人形/感じる,30
人形/すむ,30
人形/出す,30
撮影/みる,30
コンタクト/感じる,30
パ/上げる,30
時/みる,30
カット/届く,30
チリ/上げる,30
途中/くむ,30
さま/上げる,30
英語/れる,30
素敵/握りしめる,30
苦戦/進む,30
あと/すむ,30
さま/届く,30
メガネ/くむ,30
メガネ/上げる,30
コンタクト/始める,30
順番/みる,30
リサ/いう,30
一/ひび割れる,30
心/でる,30
あと/紡ぐ,30
カット/進む,30
チリ/く,30
闇/上げる,29
灯り/降り注ぐ,29
ピンク/しまう,29
苦戦/降り注ぐ,29
たび/降り注ぐ,29
最後/降り注ぐ,29
久しぶり/降り注ぐ,29
キッチン/降り注ぐ,29
診察/降り注ぐ,29
暖房/降り注ぐ,29
好き/降り注ぐ,29
コンタクト/降り注ぐ,29
本心/しまう,29
角質/降り注ぐ,29
不明/降り注ぐ,29
邪魔/降り注ぐ,29
闇/くむ,29
生/降り注ぐ,29
結局/降り注ぐ,29
ら/降り注ぐ,29
嫌味/降り注ぐ,29
本音/降り注ぐ,29
地面/降り注ぐ,29
生活/降り注ぐ,29
曽我部/降り注ぐ,29
最近/握りしめる,29
モード/降り注ぐ,29
途中/降り注ぐ,29
メガネ/降り注ぐ,29
一/弾く,29
室/降り注ぐ,29
嘘/降り注ぐ,29
パ/降り注ぐ,29
頭/降り注ぐ,29
色/降り注ぐ,29
簡単/降り注ぐ,29
一/落とす,29
闇/いう,29
闇/降り注ぐ,29
最高/降り注ぐ,29
ユーモア/降り注ぐ,29
リサ/降り注ぐ,29
白壁/降り注ぐ,29
嫌/降り注ぐ,29
葉っぱ/降り注ぐ,29
やから/降り注ぐ,29
バラード/降り注ぐ,29
声/降り注ぐ,29
とき/降り注ぐ,29
さま/降り注ぐ,29
頬/降り注ぐ,29
闇/進む,29
永遠/降り注ぐ,29
部屋/降り注ぐ,29
登録/降り注ぐ,29
殻/降り注ぐ,29
かも/降り注ぐ,29
レナ/降り注ぐ,29
結婚/降り注ぐ,29
チリ/降り注ぐ,29
カット/降り注ぐ,29
引越し/降り注ぐ,29
年生/降り注ぐ,29
空気/降り注ぐ,29
闇/紡ぐ,29
ここ/しまう,29
嵐/降り注ぐ,29
化粧/降り注ぐ,29
省エネ/降り注ぐ,29
ダンス/降り注ぐ,29
かなり/降り注ぐ,29
闇/始める,29
記憶/握りしめる,29
やりとり/降り注ぐ,29
連絡/降り注ぐ,29
闇/すむ,29
結果/降り注ぐ,29
こと/降り注ぐ,29
あら/降り注ぐ,29
サブ/降り注ぐ,29
あと/降り注ぐ,29
つぼみ/降り注ぐ,29
闇/届く,29
肌/降り注ぐ,29
闇/出す,29
闇/く,29
なみ/降り注ぐ,29
冒頭/降り注ぐ,29
恵一/降り注ぐ,29
人形/降り注ぐ,29
闇/感じる,29
先生/降り注ぐ,29
ともだち/降り注ぐ,29
映像/降り注ぐ,29
僕/降り注ぐ,29
いつ/降り注ぐ,29
意味/降り注ぐ,29
音/降り注ぐ,29
抽選/降り注ぐ,29
ため/降り注ぐ,29
内容/降り注ぐ,29
大会/降り注ぐ,29
英語/落ちる,29
化粧/伝える,28
きっかけ/出す,28
モード/伝える,28
いつ/できる,28
結果/伝える,28
ともだち/伝える,28
きっかけ/できる,28
くん/握りしめる,28
もの/降り注ぐ,28
やりとり/伝える,28
色/伝える,28
曽我部/伝える,28
ともだち/できる,28
恵一/できる,28
嫌味/できる,28
寒空/流れる,28
カット/伝える,28
暖房/できる,28
先生/伝える,28
ら/伝える,28
あら/できる,28
白壁/できる,28
不明/できる,28
もの/く,28
ギター/握りしめる,28
いま/握りしめる,28
あら/伝える,28
カット/できる,28
コンタクト/伝える,28
もの/伝える,28
いつ/伝える,28
室/できる,28
きっかけ/届く,28
キッチン/伝える,28
きっかけ/降り注ぐ,28
室/伝える,28
途中/伝える,28
やから/できる,28
簡単/伝える,28
の/零れる,28
なみ/伝える,28
あまり/しまう,28
パ/できる,28
殻/できる,28
ユニ/握りしめる,28
子/零れる,28
本音/できる,28
もの/進む,28
０/零れる,28
もの/できる,28
抽選/伝える,28
葉っぱ/できる,28
最後/できる,28
永遠/伝える,28
やりとり/できる,28
ダンス/できる,28
大会/伝える,28
寒空/ある,28
葉っぱ/伝える,28
きっかけ/いう,28
音/できる,28
前/痛む,28
地面/できる,28
こと/できる,28
わたし/痛む,28
寒空/語る,28
寒空/越える,28
撮影/零れる,28
寒空/いる,28
時/痛む,28
かも/伝える,28
興奮/しまう,28
永遠/できる,28
きっかけ/上げる,28
邪魔/伝える,28
す/握りしめる,28
もの/届く,28
嫌/伝える,28
部屋/できる,28
舞台/痛む,28
顔/零れる,28
後ろ/握りしめる,28
きっかけ/紡ぐ,28
ら/できる,28
年生/伝える,28
曽我部/できる,28
肌/伝える,28
つぼみ/できる,28
声/できる,28
連絡/伝える,28
恵一/伝える,28
寒空/泣く,28
乾燥/零れる,28
灯り/伝える,28
寒空/出る,28
もの/いう,28
嫌/できる,28
変/痛む,28
やから/伝える,28
結婚/伝える,28
ため/できる,28
子/痛む,28
メガネ/伝える,28
英語/しまう,28
キッチン/できる,28
順番/痛む,28
結婚/できる,28
嘘/できる,28
たび/できる,28
もの/始める,28
あと/伝える,28
サブ/伝える,28
撮影/痛む,28
時/零れる,28
映像/できる,28
パ/伝える,28
乾燥/痛む,28
久しぶり/伝える,28
レナ/できる,28
空気/伝える,28
好き/伝える,28
白壁/伝える,28
もの/出す,28
かなり/できる,28
わたし/零れる,28
診察/できる,28
生活/伝える,28
曲/痛む,28
灯り/できる,28
嘘/伝える,28
意味/伝える,28
年生/できる,28
内容/伝える,28
ため/伝える,28
肌/できる,28
頭/伝える,28
きっかけ/すむ,28
きっかけ/進む,28
嵐/伝える,28
暖房/伝える,28
嵐/できる,28
リサ/できる,28
さま/伝える,28
頭/できる,28
とき/伝える,28
結果/できる,28
もの/すむ,28
もの/感じる,28
きっかけ/く,28
生/伝える,28
音/伝える,28
引越し/できる,28
とき/できる,28
本音/伝える,28
部屋/伝える,28
リサ/伝える,28
嫌味/伝える,28
地面/伝える,28
冒頭/できる,28
ユーモア/伝える,28
あと/できる,28
結局/できる,28
最後/伝える,28
色/できる,28
最高/できる,28
舞台/零れる,28
うさぎ/握りしめる,28
生/できる,28
角質/できる,28
僕/できる,28
チリ/伝える,28
人形/できる,28
なみ/できる,28
あなた/零れる,28
きっかけ/感じる,28
久しぶり/できる,28
内容/できる,28
結局/伝える,28
きっかけ/始める,28
登録/できる,28
僕/伝える,28
角質/伝える,28
意味/できる,28
闇/伝える,28
たび/伝える,28
コンタクト/できる,28
もの/紡ぐ,28
省エネ/伝える,28
コーン/握りしめる,28
苦戦/伝える,28
あなた/痛む,28
引越し/伝える,28
０/痛む,28
生活/できる,28
映像/伝える,28
好き/できる,28
前/零れる,28
先生/できる,28
寒空/とく,28
空気/できる,28
チリ/できる,28
最高/伝える,28
寒空/話す,28
頬/できる,28
簡単/できる,28
の/痛む,28
不明/伝える,28
声/伝える,28
きっかけ/伝える,28
かも/できる,28
レナ/伝える,28
さま/できる,28
曲/零れる,28
カルテット/握りしめる,28
モード/できる,28
変/零れる,28
順番/零れる,28
バラード/できる,28
つぼみ/伝える,28
きっかけ/くむ,28
こと/伝える,28
顔/痛む,28
頬/伝える,28
殻/伝える,28
ダンス/伝える,28
話/零れる,28
化粧/できる,28
邪魔/できる,28
登録/伝える,28
もの/上げる,28
省エネ/できる,28
寒空/くれる,28
メガネ/できる,28
大会/できる,28
寒空/言う,28
苦戦/できる,28
連絡/できる,28
闇/できる,28
ユーモア/できる,28
かなり/伝える,28
診察/伝える,28
途中/できる,28
抽選/できる,28
人形/伝える,28
話/痛む,28
バラード/伝える,28
もの/くむ,28
サブ/できる,28
冒頭/伝える,28
簡単/ひび割れる,27
あと/ひび割れる,27
内容/ひび割れる,27
僕/ひび割れる,27
冒頭/ひび割れる,27
こと/ひび割れる,27
大会/ひび割れる,27
リサ/ひび割れる,27
ら/ひび割れる,27
チリ/ひび割れる,27
コンタクト/ひび割れる,27
結婚/ひび割れる,27
つぼみ/ひび割れる,27
レナ/ひび割れる,27
ため/ひび割れる,27
メガネ/ひび割れる,27
やから/ひび割れる,27
嘘/ひび割れる,27
恵一/ひび割れる,27
頭/ひび割れる,27
邪魔/ひび割れる,27
ともだち/ひび割れる,27
なに/でる,27
なみ/ひび割れる,27
白壁/ひび割れる,27
たび/ひび割れる,27
曽我部/ひび割れる,27
生活/ひび割れる,27
永遠/ひび割れる,27
人形/ひび割れる,27
さま/ひび割れる,27
モード/ひび割れる,27
いつ/ひび割れる,27
頬/ひび割れる,27
角質/ひび割れる,27
かも/ひび割れる,27
生/ひび割れる,27
闇/ひび割れる,27
連絡/ひび割れる,27
化粧/ひび割れる,27
好き/ひび割れる,27
結局/ひび割れる,27
音/ひび割れる,27
殻/ひび割れる,27
ユーモア/ひび割れる,27
家/握りしめる,27
大粒/なる,27
感動/みる,27
抽選/ひび割れる,27
色/ひび割れる,27
きっかけ/ひび割れる,27
バラード/ひび割れる,27
嵐/ひび割れる,27
映像/ひび割れる,27
空気/ひび割れる,27
サブ/ひび割れる,27
簡素/握りしめる,27
室/ひび割れる,27
肌/ひび割れる,27
途中/ひび割れる,27
とき/ひび割れる,27
灯り/ひび割れる,27
あら/ひび割れる,27
地面/ひび割れる,27
キッチン/ひび割れる,27
年生/ひび割れる,27
パ/ひび割れる,27
一/信じる,27
不明/ひび割れる,27
登録/ひび割れる,27
最高/ひび割れる,27
診察/ひび割れる,27
ダンス/ひび割れる,27
苦戦/ひび割れる,27
最後/ひび割れる,27
葉っぱ/ひび割れる,27
やりとり/ひび割れる,27
省エネ/ひび割れる,27
声/ひび割れる,27
部屋/ひび割れる,27
嫌味/ひび割れる,27
久しぶり/ひび割れる,27
暖房/ひび割れる,27
カット/ひび割れる,27
本音/ひび割れる,27
引越し/ひび割れる,27
もの/ひび割れる,27
意味/ひび割れる,27
結果/ひび割れる,27
かなり/ひび割れる,27
先生/ひび割れる,27
嫌/ひび割れる,27
木/握りしめる,27
本心/ある,26
ため/弾く,26
本心/くれる,26
音/弾く,26
灯り/弾く,26
殻/弾く,26
ここ/くれる,26
ここ/いる,26
本心/出る,26
ピンク/とく,26
一つ/する,26
リサ/弾く,26
やから/弾く,26
感動/痛む,26
子/言える,26
省エネ/弾く,26
本心/流れる,26
顔/はじめる,26
好き/弾く,26
簡単/弾く,26
最後/弾く,26
ピンク/越える,26
何/いく,26
ここ/流れる,26
の/言える,26
カタログ/する,26
つぼみ/弾く,26
本心/言う,26
変/言える,26
ともだち/弾く,26
いつ/弾く,26
ら/弾く,26
白壁/弾く,26
声/弾く,26
ここ/ある,26
サブ/弾く,26
あなた/はじめる,26
バースデー/する,26
曲/はじめる,26
ここ/語る,26
両手/いく,26
ピンク/泣く,26
本心/いる,26
室/弾く,26
一/だす,26
たび/弾く,26
映像/弾く,26
化粧/弾く,26
もの/弾く,26
前/はじめる,26
乾燥/言える,26
順番/はじめる,26
途中/弾く,26
ピンク/言う,26
大会/弾く,26
感動/零れる,26
変/はじめる,26
こと/弾く,26
嫌味/弾く,26
不明/弾く,26
色/弾く,26
ピンク/いる,26
嵐/弾く,26
ここ/話す,26
嫌/弾く,26
０/言える,26
頬/弾く,26
モード/弾く,26
わたし/はじめる,26
わたし/言える,26
嘘/弾く,26
人形/弾く,26
本心/語る,26
順番/言える,26
結局/弾く,26
ここ/出る,26
一/おちる,26
ピンク/ある,26
最終/握りしめる,26
冒頭/弾く,26
引越し/弾く,26
時/言える,26
とき/弾く,26
チリ/弾く,26
なに/流れ落ちる,26
前/言える,26
角質/弾く,26
結婚/弾く,26
生/弾く,26
バラード/弾く,26
あら/弾く,26
邪魔/弾く,26
の/はじめる,26
世界/する,26
連絡/弾く,26
舞台/はじめる,26
結果/弾く,26
ここ/とく,26
葉っぱ/弾く,26
曲/言える,26
あなた/言える,26
なみ/弾く,26
あと/弾く,26
たくさん/する,26
部屋/弾く,26
僕/弾く,26
診察/弾く,26
ユーモア/弾く,26
キッチン/弾く,26
顔/言える,26
掲載/する,26
曽我部/弾く,26
かなり/弾く,26
抽選/弾く,26
ここ/泣く,26
話/はじめる,26
本心/越える,26
撮影/はじめる,26
０/はじめる,26
レナ/弾く,26
かも/弾く,26
恵一/弾く,26
乾燥/はじめる,26
メガネ/弾く,26
本心/泣く,26
指/いく,26
やりとり/弾く,26
きっかけ/弾く,26
本心/話す,26
闇/弾く,26
地面/弾く,26
舞台/言える,26
苦戦/弾く,26
さま/弾く,26
ピンク/流れる,26
ピンク/話す,26
時/はじめる,26
空気/弾く,26
ピンク/くれる,26
ダンス/弾く,26
暖房/弾く,26
本心/とく,26
ここ/言う,26
意味/弾く,26
永遠/弾く,26
回/握りしめる,26
ピンク/語る,26
子/はじめる,26
先生/弾く,26
肌/弾く,26
ページ/する,26
ここ/越える,26
頭/弾く,26
年生/弾く,26
撮影/言える,26
本音/弾く,26
話/言える,26
隙間/いく,26
最高/弾く,26
コンタクト/弾く,26
登録/弾く,26
カット/弾く,26
久しぶり/弾く,26
内容/弾く,26
パ/弾く,26
生活/弾く,26
一/あふれる,26
ピンク/出る,26
１/握りしめる,25
感動/はじめる,25
微か/握りしめる,25
一/かける,25
会/握りしめる,25
怪/握りしめる,25
感動/言える,25
度/いく,25
怪談/握りしめる,25
奇跡/握りしめる,25
期待/握りしめる,25
本物/握りしめる,25
物の怪/握りしめる,25
室/信じる,24
あまり/ある,24
興奮/越える,24
興奮/とく,24
邪魔/信じる,24
モード/信じる,24
両手/しまう,24
何/落ちる,24
曽我部/信じる,24
心/乗る,24
地面/信じる,24
声/信じる,24
音/信じる,24
さん/乗る,24
眼/降り注ぐ,24
あまり/話す,24
眼/上げる,24
恵一/信じる,24
眼/ひび割れる,24
ダンス/信じる,24
わたし/動く,24
曲/貼れる,24
隙間/しまう,24
先生/信じる,24
とき/信じる,24
人形/信じる,24
顔/貼れる,24
歌/壊れる,24
歌/乗る,24
不明/信じる,24
感動/動く,24
眼/感じる,24
さん/こめる,24
殻/信じる,24
嫌/信じる,24
あまり/泣く,24
笑/出来る,24
もの/信じる,24
リサ/信じる,24
順番/動く,24
わたし/貼れる,24
時/動く,24
眼/届く,24
嘘/信じる,24
結局/信じる,24
笑/こめる,24
レナ/信じる,24
眼/紡ぐ,24
あなた/動く,24
はず/こめる,24
僕/信じる,24
簡単/信じる,24
眼/弾く,24
青年/こめる,24
心/こめる,24
映像/信じる,24
結果/信じる,24
たび/信じる,24
興奮/出る,24
パ/信じる,24
の/動く,24
あまり/流れる,24
内容/信じる,24
さま/信じる,24
引越し/信じる,24
目/出来る,24
年生/信じる,24
意味/信じる,24
歌/出来る,24
舞台/貼れる,24
はず/壊れる,24
きっかけ/信じる,24
撮影/動く,24
乾燥/動く,24
乾燥/貼れる,24
やから/信じる,24
苦戦/信じる,24
子/貼れる,24
いつ/信じる,24
心/出来る,24
興奮/泣く,24
チリ/信じる,24
笑/壊れる,24
感動/貼れる,24
メガネ/信じる,24
眼/くむ,24
何/れる,24
白壁/信じる,24
はず/乗る,24
眼/信じる,24
ら/信じる,24
舞台/動く,24
登録/信じる,24
あまり/出る,24
変/貼れる,24
隙間/てる,24
あまり/いる,24
眼/く,24
指/しまう,24
キッチン/信じる,24
久しぶり/信じる,24
子/動く,24
空気/信じる,24
バラード/信じる,24
人/出来る,24
生/信じる,24
の/貼れる,24
頬/信じる,24
目/こめる,24
指/れる,24
あまり/語る,24
興奮/話す,24
診察/信じる,24
かなり/信じる,24
さん/出来る,24
隙間/落ちる,24
頭/信じる,24
目/乗る,24
ユーモア/信じる,24
両手/てる,24
かも/信じる,24
眼/進む,24
眼/伝える,24
あら/信じる,24
途中/信じる,24
笑/乗る,24
歌/こめる,24
何/てる,24
眼/出す,24
顔/動く,24
嵐/信じる,24
あまり/越える,24
青年/壊れる,24
省エネ/信じる,24
指/てる,24
興奮/ある,24
ともだち/信じる,24
興奮/流れる,24
０/貼れる,24
話/貼れる,24
化粧/信じる,24
好き/信じる,24
葉っぱ/信じる,24
はず/出来る,24
あまり/とく,24
変/動く,24
こと/信じる,24
眼/すむ,24
角質/信じる,24
時/貼れる,24
色/信じる,24
台湾/握りしめる,24
興奮/語る,24
カット/信じる,24
話/動く,24
心/壊れる,24
肌/信じる,24
青年/乗る,24
隙間/れる,24
曲/動く,24
撮影/貼れる,24
暖房/信じる,24
結婚/信じる,24
眼/できる,24
さん/壊れる,24
灯り/信じる,24
指/落ちる,24
最後/信じる,24
人/壊れる,24
コンタクト/信じる,24
嫌味/信じる,24
つぼみ/信じる,24
あまり/くれる,24
あと/信じる,24
順番/貼れる,24
永遠/信じる,24
本音/信じる,24
前/動く,24
興奮/いる,24
やりとり/信じる,24
あなた/貼れる,24
興奮/くれる,24
連絡/信じる,24
為/なる,24
闇/信じる,24
冒頭/信じる,24
おもいで/握りしめる,24
あまり/言う,24
人/乗る,24
最高/信じる,24
抽選/信じる,24
生活/信じる,24
興奮/言う,24
眼/いう,24
前/貼れる,24
眼/始める,24
ため/信じる,24
両手/落ちる,24
目/壊れる,24
サブ/信じる,24
０/動く,24
両手/れる,24
人/こめる,24
青年/出来る,24
部屋/信じる,24
なみ/信じる,24
何/しまう,24
大会/信じる,24
頭/だす,23
音/だす,23
闇/落とす,23
生活/落とす,23
最高/あふれる,23
ユニ/落とす,23
バラード/あふれる,23
苦戦/落とす,23
家/落とす,23
かお/いう,23
ユーモア/落とす,23
地面/だす,23
葉っぱ/あふれる,23
先生/あふれる,23
結婚/あふれる,23
こちら/紡ぐ,23
つぼみ/落とす,23
邪魔/だす,23
苦戦/だす,23
モード/あふれる,23
サブ/あふれる,23
冒頭/落とす,23
部屋/落とす,23
冒頭/あふれる,23
リサ/あふれる,23
大粒/いく,23
こちら/ひび割れる,23
意味/落とす,23
嵐/あふれる,23
意味/あふれる,23
さま/落とす,23
結局/あふれる,23
久しぶり/だす,23
恵一/落とす,23
やから/あふれる,23
ら/あふれる,23
嵐/だす,23
ともだち/だす,23
くん/落とす,23
人形/落とす,23
ユーモア/だす,23
白壁/落とす,23
結局/落とす,23
結局/だす,23
途中/だす,23
生活/あふれる,23
結婚/落とす,23
レナ/落とす,23
地面/あふれる,23
省エネ/あふれる,23
生活/だす,23
コーン/落とす,23
肌/だす,23
あら/だす,23
抽選/あふれる,23
かお/できる,23
たび/落とす,23
ギター/落とす,23
回/落とす,23
こちら/信じる,23
なみ/落とす,23
コンタクト/あふれる,23
こちら/降り注ぐ,23
こちら/出す,23
あと/落とす,23
生/あふれる,23
診察/だす,23
室/あふれる,23
殻/落とす,23
室/だす,23
サブ/だす,23
ともだち/あふれる,23
生/だす,23
メガネ/あふれる,23
とき/落とす,23
連絡/あふれる,23
空気/落とす,23
ら/だす,23
登録/あふれる,23
かお/くむ,23
記憶/落とす,23
とき/あふれる,23
色/だす,23
あと/だす,23
途中/落とす,23
つぼみ/だす,23
僕/落とす,23
角質/落とす,23
音/落とす,23
登録/だす,23
やりとり/あふれる,23
抽選/落とす,23
空気/あふれる,23
診察/落とす,23
こちら/感じる,23
葉っぱ/落とす,23
レナ/あふれる,23
不明/落とす,23
色/あふれる,23
お家/落とす,23
ら/落とす,23
かなり/あふれる,23
嫌/落とす,23
引越し/あふれる,23
頭/あふれる,23
結果/だす,23
かお/始める,23
こちら/く,23
簡単/落とす,23
内容/だす,23
こちら/いう,23
パ/落とす,23
きっかけ/落とす,23
頬/だす,23
こちら/すむ,23
ダンス/あふれる,23
結果/落とす,23
こと/あふれる,23
怪/落とす,23
最終/落とす,23
化粧/落とす,23
灯り/落とす,23
人形/あふれる,23
いま/落とす,23
白壁/あふれる,23
部屋/だす,23
嫌味/あふれる,23
先生/だす,23
白壁/だす,23
肌/落とす,23
部屋/あふれる,23
カット/落とす,23
かお/あふれる,23
本物/落とす,23
台湾/落とす,23
カルテット/落とす,23
恵一/あふれる,23
嘘/だす,23
かも/あふれる,23
嫌味/落とす,23
キッチン/落とす,23
嫌/あふれる,23
あと/あふれる,23
本音/あふれる,23
メガネ/落とす,23
なみ/あふれる,23
おもいで/落とす,23
永遠/だす,23
プレゼント/落とす,23
こちら/上げる,23
角質/あふれる,23
ダンス/落とす,23
いつ/落とす,23
最近/落とす,23
引越し/だす,23
曽我部/あふれる,23
嫌/だす,23
人形/だす,23
永遠/落とす,23
こちら/進む,23
こちら/届く,23
嫌味/だす,23
かお/紡ぐ,23
僕/あふれる,23
闇/あふれる,23
こちら/始める,23
嘘/落とす,23
内容/落とす,23
かお/く,23
かお/だす,23
こちら/くむ,23
地面/落とす,23
結婚/だす,23
久しぶり/あふれる,23
もの/落とす,23
ダンス/だす,23
頬/落とす,23
好き/落とす,23
怪談/落とす,23
かお/降り注ぐ,23
意味/だす,23
最後/あふれる,23
きっかけ/あふれる,23
苦戦/あふれる,23
化粧/あふれる,23
邪魔/落とす,23
チリ/だす,23
頭/落とす,23
リサ/だす,23
コンタクト/だす,23
たび/だす,23
簡素/落とす,23
永遠/あふれる,23
空気/だす,23
こちら/落とす,23
かも/だす,23
１/落とす,23
さま/あふれる,23
かお/すむ,23
簡単/あふれる,23
引越し/落とす,23
省エネ/落とす,23
眼/落とす,23
かも/落とす,23
かお/弾く,23
内容/あふれる,23
かお/上げる,23
かお/進む,23
もの/だす,23
声/だす,23
頬/あふれる,23
こと/落とす,23
バラード/落とす,23
バラード/だす,23
声/落とす,23
カット/あふれる,23
後ろ/落とす,23
年生/だす,23
曽我部/だす,23
簡単/だす,23
かお/伝える,23
とき/だす,23
いつ/あふれる,23
色/落とす,23
灯り/だす,23
パ/あふれる,23
たび/あふれる,23
かお/感じる,23
チリ/落とす,23
化粧/だす,23
恵一/だす,23
かお/出す,23
眼/だす,23
やりとり/だす,23
こちら/あふれる,23
素敵/落とす,23
暖房/だす,23
ともだち/落とす,23
ユーモア/あふれる,23
声/あふれる,23
こちら/だす,23
木/落とす,23
かお/ひび割れる,23
抽選/だす,23
殻/あふれる,23
さま/だす,23
最後/だす,23
やりとり/落とす,23
す/落とす,23
もの/あふれる,23
肌/あふれる,23
灯り/あふれる,23
年生/落とす,23
殻/だす,23
結果/あふれる,23
省エネ/だす,23
連絡/落とす,23
物の怪/落とす,23
チリ/あふれる,23
いつ/だす,23
曽我部/落とす,23
連絡/だす,23
闇/だす,23
本音/落とす,23
角質/だす,23
冒頭/だす,23
奇跡/落とす,23
あら/落とす,23
室/落とす,23
大会/あふれる,23
映像/落とす,23
かお/届く,23
かお/信じる,23
ため/だす,23
きっかけ/だす,23
なみ/だす,23
会/落とす,23
うさぎ/落とす,23
眼/あふれる,23
最高/だす,23
メガネ/だす,23
リサ/落とす,23
微か/落とす,23
年生/あふれる,23
こと/だす,23
大会/落とす,23
モード/落とす,23
好き/だす,23
かお/落とす,23
好き/あふれる,23
邪魔/あふれる,23
カット/だす,23
コンタクト/落とす,23
不明/あふれる,23
暖房/あふれる,23
かなり/落とす,23
モード/だす,23
やから/落とす,23
生/落とす,23
最高/落とす,23
最後/落とす,23
キッチン/あふれる,23
あら/あふれる,23
僕/だす,23
こちら/伝える,23
つぼみ/あふれる,23
途中/あふれる,23
先生/落とす,23
登録/落とす,23
音/あふれる,23
ため/落とす,23
葉っぱ/だす,23
こちら/弾く,23
嵐/落とす,23
不明/だす,23
こちら/できる,23
サブ/落とす,23
期待/落とす,23
久しぶり/落とす,23
映像/だす,23
本音/だす,23
パ/だす,23
大会/だす,23
キッチン/だす,23
映像/あふれる,23
診察/あふれる,23
暖房/落とす,23
ため/あふれる,23
かなり/だす,23
嘘/あふれる,23
レナ/だす,23
やから/だす,23
素敵/くむ,22
きっかけ/かける,22
曽我部/かける,22
お家/信じる,22
プレゼント/いう,22
嫌味/かける,22
先生/かける,22
プレゼント/あふれる,22
さま/かける,22
かも/かける,22
本音/かける,22
あら/かける,22
連絡/かける,22
白壁/かける,22
お家/紡ぐ,22
素敵/届く,22
寒空/握りしめる,22
ダンス/かける,22
バラード/かける,22
久しぶり/かける,22
素敵/弾く,22
なに/こめる,22
お家/降り注ぐ,22
お家/ひび割れる,22
プレゼント/届く,22
結婚/かける,22
殻/かける,22
暖房/かける,22
恵一/かける,22
モード/かける,22
カット/かける,22
プレゼント/伝える,22
人形/かける,22
素敵/あふれる,22
プレゼント/始める,22
角質/かける,22
チリ/かける,22
キッチン/かける,22
コンタクト/かける,22
お家/すむ,22
年生/かける,22
途中/かける,22
素敵/進む,22
室/かける,22
地面/かける,22
素敵/信じる,22
灯り/かける,22
結局/かける,22
邪魔/かける,22
頬/かける,22
素敵/く,22
プレゼント/できる,22
永遠/かける,22
冒頭/かける,22
とき/かける,22
こと/かける,22
僕/かける,22
お家/あふれる,22
プレゼント/すむ,22
プレゼント/くむ,22
化粧/かける,22
お家/届く,22
抽選/かける,22
なみ/かける,22
意味/かける,22
あと/かける,22
素敵/だす,22
プレゼント/く,22
好き/かける,22
頭/かける,22
たび/かける,22
葉っぱ/かける,22
サブ/かける,22
最後/かける,22
レナ/かける,22
ため/かける,22
素敵/感じる,22
闇/かける,22
素敵/始める,22
声/かける,22
もの/かける,22
なに/壊れる,22
生/かける,22
最高/かける,22
かなり/かける,22
素敵/出す,22
肌/かける,22
プレゼント/上げる,22
部屋/かける,22
素敵/できる,22
嫌/かける,22
ら/かける,22
なに/出来る,22
プレゼント/降り注ぐ,22
パ/かける,22
プレゼント/かける,22
プレゼント/ひび割れる,22
一/建つ,22
お家/できる,22
素敵/すむ,22
映像/かける,22
素敵/伝える,22
プレゼント/弾く,22
やから/かける,22
リサ/かける,22
やりとり/かける,22
プレゼント/出す,22
いつ/かける,22
お家/だす,22
嵐/かける,22
引越し/かける,22
お家/くむ,22
お家/かける,22
かお/かける,22
登録/かける,22
お家/伝える,22
素敵/かける,22
プレゼント/信じる,22
こちら/かける,22
省エネ/かける,22
お家/いう,22
お家/く,22
簡単/かける,22
寒空/落とす,22
素敵/上げる,22
お家/弾く,22
メガネ/かける,22
お家/上げる,22
ユーモア/かける,22
お家/進む,22
プレゼント/紡ぐ,22
結果/かける,22
素敵/降り注ぐ,22
苦戦/かける,22
生活/かける,22
不明/かける,22
お家/出す,22
診察/かける,22
プレゼント/感じる,22
素敵/いう,22
空気/かける,22
内容/かける,22
お家/始める,22
プレゼント/進む,22
眼/かける,22
大会/かける,22
なに/乗る,22
嘘/かける,22
音/かける,22
ともだち/かける,22
プレゼント/だす,22
色/かける,22
素敵/ひび割れる,22
素敵/紡ぐ,22
お家/感じる,22
つぼみ/かける,22
口/続く,21
記憶/あふれる,21
記憶/くむ,21
最近/降り注ぐ,21
一つ/くる,21
最近/ひび割れる,21
最近/かける,21
記憶/伝える,21
中/溢れる,21
バースデー/くる,21
記憶/出す,21
ここ/落とす,21
記憶/紡ぐ,21
大粒/れる,21
記憶/すむ,21
記憶/始める,21
大粒/落ちる,21
最近/始める,21
カタログ/くる,21
最近/進む,21
記憶/いう,21
最近/上げる,21
最近/く,21
記憶/信じる,21
記憶/弾く,21
掲載/くる,21
記憶/進む,21
度/落ちる,21
最近/出す,21
記憶/感じる,21
一/こぼれる,21
ピンク/握りしめる,21
記憶/ひび割れる,21
大粒/てる,21
ページ/くる,21
ピンク/落とす,21
記憶/降り注ぐ,21
本心/落とす,21
度/てる,21
記憶/だす,21
度/れる,21
記憶/く,21
最近/くむ,21
記憶/上げる,21
記憶/できる,21
最近/感じる,21
最近/届く,21
最近/信じる,21
最近/紡ぐ,21
最近/いう,21
本心/握りしめる,21
最近/弾く,21
たくさん/くる,21
最近/だす,21
ん/溢れる,21
度/しまう,21
世界/くる,21
ここ/握りしめる,21
最近/すむ,21
最近/伝える,21
最近/あふれる,21
記憶/届く,21
大粒/しまう,21
記憶/かける,21
最近/できる,21
やから/おちる,20
ユニ/届く,20
あと/おちる,20
キッチン/おちる,20
怪/おちる,20
室/おちる,20
英語/ある,20
意味/おちる,20
いま/すむ,20
す/信じる,20
後ろ/紡ぐ,20
コーン/く,20
くん/始める,20
簡単/おちる,20
こと/おちる,20
くん/降り注ぐ,20
くん/くむ,20
うさぎ/届く,20
うさぎ/伝える,20
０/でる,20
す/伝える,20
うさぎ/上げる,20
す/いう,20
コーン/上げる,20
お家/おちる,20
肌/おちる,20
後ろ/あふれる,20
連絡/おちる,20
後ろ/伝える,20
ギター/上げる,20
いま/始める,20
ギター/感じる,20
温もり/する,20
ユニ/いう,20
す/ひび割れる,20
カルテット/感じる,20
ユーモア/おちる,20
ギター/進む,20
ギター/紡ぐ,20
モード/おちる,20
いま/ひび割れる,20
家/おちる,20
きっかけ/おちる,20
いま/おちる,20
ともだち/おちる,20
話/でる,20
嵐/おちる,20
英語/流れる,20
英語/出る,20
うさぎ/できる,20
す/く,20
声/おちる,20
僕/おちる,20
もの/おちる,20
ユニ/出す,20
前/流れ落ちる,20
くん/信じる,20
カルテット/ひび割れる,20
顔/でる,20
コーン/いう,20
微か/おちる,20
地面/おちる,20
コーン/進む,20
子/流れ落ちる,20
顔/流れ落ちる,20
いま/伝える,20
人形/おちる,20
くん/あふれる,20
変/でる,20
結局/おちる,20
後ろ/降り注ぐ,20
す/感じる,20
後ろ/かける,20
ユニ/感じる,20
やりとり/おちる,20
コーン/あふれる,20
コーン/伝える,20
くん/伝える,20
後ろ/だす,20
省エネ/おちる,20
くん/すむ,20
寒空/おちる,20
ユニ/降り注ぐ,20
ギター/伝える,20
嫌味/おちる,20
カルテット/信じる,20
くん/感じる,20
カット/おちる,20
ギター/始める,20
音/おちる,20
ギター/弾く,20
チリ/おちる,20
パ/おちる,20
ユニ/く,20
す/弾く,20
す/届く,20
化粧/おちる,20
好き/おちる,20
年生/おちる,20
す/あふれる,20
カルテット/あふれる,20
いま/進む,20
いま/信じる,20
記憶/おちる,20
いま/いう,20
カルテット/く,20
いま/くむ,20
英語/言う,20
うさぎ/おちる,20
最後/おちる,20
ギター/だす,20
部屋/おちる,20
期待/おちる,20
あまり/握りしめる,20
す/すむ,20
カルテット/弾く,20
ユニ/紡ぐ,20
たび/おちる,20
くん/紡ぐ,20
くん/進む,20
おもいで/おちる,20
頬/おちる,20
リサ/おちる,20
舞台/でる,20
英語/とく,20
コンタクト/おちる,20
ユニ/すむ,20
白壁/おちる,20
ユニ/始める,20
カルテット/始める,20
ユニ/あふれる,20
くん/かける,20
後ろ/進む,20
カルテット/伝える,20
舞台/流れ落ちる,20
嘘/おちる,20
いま/かける,20
ため/おちる,20
メガネ/おちる,20
いま/く,20
す/だす,20
わたし/でる,20
ギター/出す,20
恵一/おちる,20
後ろ/くむ,20
順番/流れ落ちる,20
くん/おちる,20
す/かける,20
いま/あふれる,20
奇跡/おちる,20
ギター/すむ,20
後ろ/届く,20
カルテット/だす,20
いま/届く,20
くん/ひび割れる,20
ユニ/信じる,20
うさぎ/だす,20
子/でる,20
の/でる,20
す/おちる,20
回/おちる,20
台湾/おちる,20
ユニ/おちる,20
す/上げる,20
カルテット/くむ,20
ユニ/進む,20
生活/おちる,20
感動/流れ落ちる,20
うさぎ/弾く,20
ユニ/上げる,20
途中/おちる,20
いま/弾く,20
不明/おちる,20
ギター/ひび割れる,20
撮影/流れ落ちる,20
くん/上げる,20
コーン/感じる,20
最高/おちる,20
いつ/おちる,20
うさぎ/出す,20
簡素/おちる,20
ユニ/だす,20
コーン/ひび割れる,20
大会/おちる,20
うさぎ/始める,20
あなた/でる,20
くん/いう,20
久しぶり/おちる,20
カルテット/進む,20
さま/おちる,20
最終/おちる,20
灯り/おちる,20
いま/できる,20
後ろ/出す,20
本物/おちる,20
結婚/おちる,20
ユニ/ひび割れる,20
コーン/届く,20
色/おちる,20
あら/おちる,20
あまり/落とす,20
バラード/おちる,20
空気/おちる,20
コーン/くむ,20
カルテット/降り注ぐ,20
ギター/いう,20
カルテット/紡ぐ,20
撮影/でる,20
ユニ/伝える,20
先生/おちる,20
時/でる,20
くん/できる,20
くん/届く,20
後ろ/すむ,20
かなり/おちる,20
時/流れ落ちる,20
うさぎ/感じる,20
永遠/おちる,20
角質/おちる,20
うさぎ/くむ,20
くん/く,20
コーン/出す,20
いま/降り注ぐ,20
後ろ/おちる,20
ギター/届く,20
怪談/おちる,20
苦戦/おちる,20
ギター/できる,20
眼/おちる,20
の/流れ落ちる,20
カルテット/かける,20
乾燥/流れ落ちる,20
とき/おちる,20
ら/おちる,20
診察/おちる,20
私/続く,20
カルテット/すむ,20
曽我部/おちる,20
コーン/信じる,20
コーン/できる,20
いま/出す,20
素敵/おちる,20
葉っぱ/おちる,20
うさぎ/進む,20
後ろ/いう,20
コーン/降り注ぐ,20
英語/いる,20
英語/話す,20
カルテット/上げる,20
ギター/降り注ぐ,20
曲/でる,20
英語/語る,20
頭/おちる,20
つぼみ/おちる,20
ギター/あふれる,20
後ろ/ひび割れる,20
す/くむ,20
ギター/信じる,20
後ろ/感じる,20
ユニ/くむ,20
ギター/おちる,20
結果/おちる,20
す/進む,20
カルテット/出す,20
冒頭/おちる,20
コーン/だす,20
ユニ/かける,20
ダンス/おちる,20
うさぎ/いう,20
暖房/おちる,20
木/おちる,20
英語/越える,20
うさぎ/降り注ぐ,20
抽選/おちる,20
あなた/流れ落ちる,20
うさぎ/紡ぐ,20
１/おちる,20
うさぎ/すむ,20
いま/上げる,20
いま/感じる,20
かお/おちる,20
変/流れ落ちる,20
ユニ/できる,20
最近/おちる,20
コーン/かける,20
本音/おちる,20
コーン/弾く,20
話/流れ落ちる,20
いま/紡ぐ,20
０/流れ落ちる,20
曲/流れ落ちる,20
うさぎ/かける,20
わたし/流れ落ちる,20
くん/弾く,20
後ろ/弾く,20
後ろ/始める,20
英語/泣く,20
コーン/おちる,20
なみ/おちる,20
コーン/始める,20
順番/でる,20
プレゼント/おちる,20
英語/くれる,20
闇/おちる,20
コーン/紡ぐ,20
カルテット/できる,20
内容/おちる,20
カルテット/おちる,20
ギター/く,20
後ろ/できる,20
うさぎ/く,20
うさぎ/あふれる,20
ギター/かける,20
す/できる,20
興奮/握りしめる,20
乾燥/でる,20
こちら/おちる,20
感動/でる,20
コーン/すむ,20
す/紡ぐ,20
邪魔/おちる,20
登録/おちる,20
引越し/おちる,20
ギター/くむ,20
サブ/おちる,20
殻/おちる,20
会/おちる,20
ユニ/弾く,20
生/おちる,20
興奮/落とす,20
後ろ/信じる,20
レナ/おちる,20
映像/おちる,20
物の怪/おちる,20
うさぎ/信じる,20
いま/だす,20
為/いく,20
嫌/おちる,20
す/降り注ぐ,20
前/でる,20
かも/おちる,20
す/始める,20
後ろ/く,20
後ろ/上げる,20
うさぎ/ひび割れる,20
カルテット/届く,20
くん/だす,20
カルテット/いう,20
くん/出す,20
す/出す,20
嫌味/建つ,19
コンタクト/建つ,19
引越し/建つ,19
家/届く,19
眼/建つ,19
化粧/建つ,19
診察/建つ,19
ため/建つ,19
簡単/建つ,19
家/建つ,19
家/だす,19
登録/建つ,19
木/感じる,19
抽選/建つ,19
声/建つ,19
嫌/建つ,19
木/あふれる,19
家/かける,19
簡素/かける,19
チリ/建つ,19
簡素/ひび割れる,19
家/できる,19
簡素/伝える,19
生活/建つ,19
素敵/建つ,19
頬/建つ,19
もの/建つ,19
人形/建つ,19
あら/建つ,19
コーン/建つ,19
家/出す,19
パ/建つ,19
木/紡ぐ,19
プレゼント/建つ,19
曽我部/建つ,19
あと/建つ,19
生/建つ,19
木/始める,19
途中/建つ,19
家/信じる,19
簡素/くむ,19
簡素/始める,19
大会/建つ,19
室/建つ,19
カット/建つ,19
かお/建つ,19
いま/建つ,19
リサ/建つ,19
後ろ/建つ,19
邪魔/建つ,19
嘘/建つ,19
嵐/建つ,19
簡素/紡ぐ,19
なみ/建つ,19
簡素/届く,19
家/降り注ぐ,19
ら/建つ,19
頭/建つ,19
音/建つ,19
木/進む,19
簡素/出す,19
部屋/建つ,19
最後/建つ,19
うさぎ/建つ,19
木/いう,19
久しぶり/建つ,19
ユーモア/建つ,19
色/建つ,19
最高/建つ,19
家/あふれる,19
簡素/あふれる,19
簡素/上げる,19
簡素/感じる,19
ギター/建つ,19
肌/建つ,19
簡素/降り注ぐ,19
お家/建つ,19
年生/建つ,19
木/出す,19
本心/おちる,19
木/届く,19
簡素/弾く,19
ここ/おちる,19
簡素/だす,19
内容/建つ,19
こと/建つ,19
きっかけ/建つ,19
木/弾く,19
くん/建つ,19
家/紡ぐ,19
家/感じる,19
家/上げる,19
家/すむ,19
冒頭/建つ,19
地面/建つ,19
つぼみ/建つ,19
記憶/建つ,19
とき/建つ,19
いつ/建つ,19
家/いう,19
レナ/建つ,19
本音/建つ,19
家/進む,19
英語/落とす,19
サブ/建つ,19
木/すむ,19
キッチン/建つ,19
やりとり/建つ,19
こちら/建つ,19
省エネ/建つ,19
やから/建つ,19
す/建つ,19
恵一/建つ,19
結局/建つ,19
灯り/建つ,19
僕/建つ,19
たび/建つ,19
家/く,19
ともだち/建つ,19
簡素/すむ,19
連絡/建つ,19
ダンス/建つ,19
最近/建つ,19
不明/建つ,19
かなり/建つ,19
映像/建つ,19
木/上げる,19
かも/建つ,19
さま/建つ,19
簡素/信じる,19
木/信じる,19
英語/握りしめる,19
木/だす,19
暖房/建つ,19
苦戦/建つ,19
家/始める,19
木/伝える,19
簡素/建つ,19
木/くむ,19
簡素/進む,19
意味/建つ,19
結婚/建つ,19
バラード/建つ,19
家/伝える,19
家/弾く,19
永遠/建つ,19
闇/建つ,19
結果/建つ,19
角質/建つ,19
木/建つ,19
先生/建つ,19
簡素/いう,19
簡素/く,19
木/ひび割れる,19
家/ひび割れる,19
木/降り注ぐ,19
木/できる,19
ユニ/建つ,19
木/く,19
家/くむ,19
木/かける,19
簡素/できる,19
メガネ/建つ,19
殻/建つ,19
カルテット/建つ,19
白壁/建つ,19
好き/建つ,19
空気/建つ,19
モード/建つ,19
葉っぱ/建つ,19
ピンク/おちる,19
最終/ひび割れる,18
曽我部/こぼれる,18
暖房/こぼれる,18
回/弾く,18
す/こぼれる,18
好き/こぼれる,18
リサ/こぼれる,18
興奮/おちる,18
回/くむ,18
最終/降り注ぐ,18
最終/感じる,18
さま/こぼれる,18
あと/こぼれる,18
引越し/こぼれる,18
回/始める,18
登録/こぼれる,18
結婚/こぼれる,18
回/上げる,18
為/落ちる,18
バラード/こぼれる,18
回/すむ,18
最終/く,18
なみ/こぼれる,18
僕/こぼれる,18
生活/こぼれる,18
パ/こぼれる,18
最終/届く,18
いつ/こぼれる,18
あら/こぼれる,18
最終/伝える,18
回/出す,18
邪魔/こぼれる,18
くん/こぼれる,18
カット/こぼれる,18
回/かける,18
嵐/こぼれる,18
ら/こぼれる,18
回/できる,18
回/こぼれる,18
回/降り注ぐ,18
最終/進む,18
生/こぼれる,18
いま/こぼれる,18
最終/出す,18
コーン/こぼれる,18
回/いう,18
家/こぼれる,18
モード/こぼれる,18
コンタクト/こぼれる,18
嘘/こぼれる,18
角質/こぼれる,18
回/ひび割れる,18
かなり/こぼれる,18
最終/すむ,18
最高/こぼれる,18
最終/いう,18
ため/こぼれる,18
レナ/こぼれる,18
最終/弾く,18
部屋/こぼれる,18
チリ/こぼれる,18
永遠/こぼれる,18
最終/あふれる,18
記憶/こぼれる,18
闇/こぼれる,18
本音/こぼれる,18
人形/こぼれる,18
苦戦/こぼれる,18
久しぶり/こぼれる,18
省エネ/こぼれる,18
色/こぼれる,18
化粧/こぼれる,18
最終/かける,18
地面/こぼれる,18
かお/こぼれる,18
かも/こぼれる,18
為/てる,18
頬/こぼれる,18
殻/こぼれる,18
連絡/こぼれる,18
肌/こぼれる,18
意味/こぼれる,18
最終/始める,18
年生/こぼれる,18
大会/こぼれる,18
とき/こぼれる,18
一/みる,18
頭/こぼれる,18
メガネ/こぼれる,18
きっかけ/こぼれる,18
こちら/こぼれる,18
冒頭/こぼれる,18
もの/こぼれる,18
こと/こぼれる,18
為/しまう,18
声/こぼれる,18
やりとり/こぼれる,18
最終/建つ,18
結局/こぼれる,18
回/だす,18
ユニ/こぼれる,18
あまり/おちる,18
簡素/こぼれる,18
ユーモア/こぼれる,18
うさぎ/こぼれる,18
不明/こぼれる,18
たび/こぼれる,18
ダンス/こぼれる,18
最終/信じる,18
最終/できる,18
ともだち/こぼれる,18
回/進む,18
ギター/こぼれる,18
嫌/こぼれる,18
映像/こぼれる,18
回/伝える,18
素敵/こぼれる,18
途中/こぼれる,18
回/感じる,18
最終/こぼれる,18
やから/こぼれる,18
最終/上げる,18
恵一/こぼれる,18
キッチン/こぼれる,18
後ろ/こぼれる,18
室/こぼれる,18
最近/こぼれる,18
葉っぱ/こぼれる,18
結果/こぼれる,18
先生/こぼれる,18
内容/こぼれる,18
抽選/こぼれる,18
嫌味/こぼれる,18
空気/こぼれる,18
プレゼント/こぼれる,18
カルテット/こぼれる,18
お家/こぼれる,18
簡単/こぼれる,18
つぼみ/こぼれる,18
最後/こぼれる,18
回/届く,18
音/こぼれる,18
最終/くむ,18
木/こぼれる,18
回/あふれる,18
眼/こぼれる,18
最終/紡ぐ,18
灯り/こぼれる,18
回/紡ぐ,18
最終/だす,18
回/建つ,18
為/れる,18
回/く,18
回/信じる,18
白壁/こぼれる,18
診察/こぼれる,18
サブ/こぼれる,18
会/かける,17
奇跡/進む,17
１/すむ,17
奇跡/上げる,17
奇跡/くむ,17
会/感じる,17
本物/弾く,17
１/信じる,17
会/信じる,17
奇跡/届く,17
微か/すむ,17
微か/ひび割れる,17
物の怪/いう,17
本物/あふれる,17
怪/始める,17
物の怪/紡ぐ,17
怪談/すむ,17
怪/すむ,17
１/く,17
怪/建つ,17
会/ひび割れる,17
微か/いう,17
本物/こぼれる,17
物の怪/感じる,17
一つ/なる,17
期待/すむ,17
１/感じる,17
微か/信じる,17
本物/いう,17
物の怪/信じる,17
期待/ひび割れる,17
物の怪/こぼれる,17
怪談/いう,17
会/あふれる,17
物の怪/かける,17
怪談/伝える,17
物の怪/あふれる,17
微か/あふれる,17
本物/上げる,17
本物/感じる,17
怪談/上げる,17
会/くむ,17
怪談/ひび割れる,17
怪/出す,17
期待/だす,17
怪/進む,17
１/始める,17
期待/く,17
怪談/だす,17
微か/進む,17
奇跡/降り注ぐ,17
怪談/紡ぐ,17
怪談/くむ,17
微か/始める,17
奇跡/出す,17
本物/ひび割れる,17
本物/くむ,17
物の怪/くむ,17
奇跡/こぼれる,17
ページ/なる,17
奇跡/く,17
期待/上げる,17
怪/上げる,17
１/届く,17
奇跡/紡ぐ,17
物の怪/始める,17
怪/信じる,17
期待/信じる,17
怪談/建つ,17
怪/いう,17
怪談/感じる,17
期待/降り注ぐ,17
会/弾く,17
物の怪/弾く,17
微か/上げる,17
カタログ/なる,17
期待/できる,17
会/建つ,17
本物/く,17
微か/降り注ぐ,17
本物/進む,17
怪談/信じる,17
１/建つ,17
本物/出す,17
期待/あふれる,17
期待/始める,17
奇跡/すむ,17
微か/く,17
怪談/あふれる,17
奇跡/いう,17
バースデー/なる,17
会/紡ぐ,17
掲載/なる,17
怪談/届く,17
本物/紡ぐ,17
本物/始める,17
奇跡/かける,17
期待/感じる,17
会/上げる,17
物の怪/届く,17
期待/届く,17
本物/伝える,17
怪/あふれる,17
本物/だす,17
会/できる,17
会/だす,17
奇跡/伝える,17
微か/出す,17
物の怪/伝える,17
期待/伝える,17
怪/届く,17
怪談/できる,17
期待/かける,17
１/上げる,17
怪談/く,17
期待/建つ,17
怪/こぼれる,17
奇跡/できる,17
怪/伝える,17
怪/感じる,17
怪談/始める,17
本物/できる,17
微か/伝える,17
１/降り注ぐ,17
微か/くむ,17
奇跡/建つ,17
１/いう,17
本物/建つ,17
１/進む,17
微か/感じる,17
期待/進む,17
１/出す,17
本物/すむ,17
微か/弾く,17
会/伝える,17
本物/かける,17
怪/かける,17
奇跡/あふれる,17
怪/くむ,17
怪/紡ぐ,17
会/届く,17
物の怪/だす,17
１/弾く,17
怪談/降り注ぐ,17
一/痛む,17
怪談/かける,17
期待/いう,17
英語/おちる,17
一/零れる,17
物の怪/できる,17
物の怪/ひび割れる,17
怪談/こぼれる,17
奇跡/信じる,17
１/ひび割れる,17
会/く,17
１/くむ,17
会/始める,17
会/こぼれる,17
本物/降り注ぐ,17
期待/紡ぐ,17
会/降り注ぐ,17
世界/なる,17
奇跡/弾く,17
物の怪/出す,17
怪/降り注ぐ,17
微か/できる,17
物の怪/すむ,17
奇跡/ひび割れる,17
期待/弾く,17
期待/出す,17
１/紡ぐ,17
怪/ひび割れる,17
怪/できる,17
物の怪/上げる,17
たくさん/なる,17
物の怪/降り注ぐ,17
会/進む,17
１/かける,17
会/いう,17
微か/建つ,17
怪/弾く,17
期待/くむ,17
会/出す,17
物の怪/く,17
怪談/弾く,17
微か/だす,17
奇跡/だす,17
微か/届く,17
物の怪/建つ,17
微か/こぼれる,17
期待/こぼれる,17
１/伝える,17
怪/だす,17
怪談/進む,17
物の怪/進む,17
怪/く,17
奇跡/始める,17
会/すむ,17
１/できる,17
微か/紡ぐ,17
怪談/出す,17
１/こぼれる,17
本物/届く,17
１/だす,17
１/あふれる,17
奇跡/感じる,17
本物/信じる,17
微か/かける,17
おもいで/いう,16
おもいで/弾く,16
おもいで/出す,16
撮影/壊れる,16
前/こめる,16
指/語る,16
顔/こめる,16
隙間/言う,16
舞台/出来る,16
顔/出来る,16
変/乗る,16
両手/ある,16
おもいで/感じる,16
舞台/壊れる,16
順番/乗る,16
両手/出る,16
何/ある,16
０/こめる,16
乾燥/出来る,16
何/いる,16
おもいで/かける,16
時/壊れる,16
時/こめる,16
隙間/落とす,16
何/出る,16
あなた/出来る,16
話/乗る,16
おもいで/できる,16
おもいで/紡ぐ,16
顔/乗る,16
何/言う,16
台湾/すむ,16
台湾/できる,16
子/こめる,16
何/くれる,16
一/言える,16
変/こめる,16
両手/語る,16
わたし/こめる,16
撮影/こめる,16
わたし/出来る,16
０/出来る,16
台湾/紡ぐ,16
曲/壊れる,16
乾燥/壊れる,16
温もり/くる,16
おもいで/降り注ぐ,16
両手/いる,16
指/いる,16
隙間/泣く,16
子/乗る,16
０/壊れる,16
感動/出来る,16
台湾/出す,16
指/ある,16
台湾/信じる,16
曲/乗る,16
隙間/とく,16
順番/出来る,16
前/出来る,16
指/出る,16
何/とく,16
おもいで/ひび割れる,16
台湾/かける,16
指/越える,16
隙間/握りしめる,16
曲/出来る,16
０/乗る,16
変/壊れる,16
両手/流れる,16
台湾/く,16
何/落とす,16
指/落とす,16
撮影/乗る,16
あなた/壊れる,16
何/話す,16
時/出来る,16
おもいで/伝える,16
台湾/くむ,16
台湾/だす,16
変/出来る,16
指/流れる,16
台湾/あふれる,16
両手/握りしめる,16
おもいで/だす,16
話/こめる,16
子/出来る,16
乾燥/こめる,16
顔/壊れる,16
指/言う,16
隙間/話す,16
指/握りしめる,16
何/泣く,16
両手/落とす,16
台湾/進む,16
わたし/乗る,16
おもいで/進む,16
両手/くれる,16
台湾/伝える,16
隙間/語る,16
おもいで/始める,16
おもいで/届く,16
時/乗る,16
撮影/出来る,16
話/壊れる,16
曲/こめる,16
隙間/出る,16
両手/越える,16
何/語る,16
順番/こめる,16
前/壊れる,16
あなた/こめる,16
台湾/上げる,16
おもいで/上げる,16
指/泣く,16
おもいで/こぼれる,16
おもいで/信じる,16
の/こめる,16
隙間/越える,16
台湾/感じる,16
台湾/降り注ぐ,16
台湾/届く,16
両手/言う,16
隙間/くれる,16
台湾/建つ,16
何/流れる,16
隙間/ある,16
あなた/乗る,16
台湾/弾く,16
舞台/乗る,16
の/壊れる,16
両手/話す,16
何/越える,16
おもいで/くむ,16
指/くれる,16
台湾/始める,16
指/話す,16
子/壊れる,16
おもいで/く,16
感動/こめる,16
一/はじめる,16
話/出来る,16
隙間/流れる,16
おもいで/あふれる,16
指/とく,16
両手/泣く,16
台湾/ひび割れる,16
わたし/壊れる,16
順番/壊れる,16
おもいで/すむ,16
感動/壊れる,16
何/握りしめる,16
両手/とく,16
前/乗る,16
隙間/いる,16
おもいで/建つ,16
の/乗る,16
舞台/こめる,16
台湾/いう,16
乾燥/乗る,16
感動/乗る,16
台湾/こぼれる,16
の/出来る,16
人/続く,15
後ろ/みる,15
おもいで/みる,15
ら/みる,15
映像/みる,15
簡素/みる,15
大会/みる,15
ギター/みる,15
サブ/みる,15
かも/みる,15
久しぶり/みる,15
嵐/みる,15
家/みる,15
結婚/みる,15
メガネ/みる,15
部屋/みる,15
本物/みる,15
こちら/みる,15
物の怪/みる,15
カルテット/みる,15
かなり/みる,15
嘘/みる,15
音/みる,15
うさぎ/みる,15
最高/みる,15
レナ/みる,15
ため/みる,15
ともだち/みる,15
葉っぱ/みる,15
闇/みる,15
さん/続く,15
いつ/みる,15
頬/みる,15
もの/みる,15
ダンス/みる,15
プレゼント/みる,15
一/貼れる,15
登録/みる,15
眼/みる,15
色/みる,15
結果/みる,15
僕/みる,15
チリ/みる,15
一/動く,15
会/みる,15
室/みる,15
白壁/みる,15
人形/みる,15
地面/みる,15
最近/みる,15
やから/みる,15
こと/みる,15
モード/みる,15
コーン/みる,15
最後/みる,15
不明/みる,15
あら/みる,15
角質/みる,15
嫌/みる,15
笑/続く,15
省エネ/みる,15
あと/みる,15
引越し/みる,15
年生/みる,15
さま/みる,15
簡単/みる,15
意味/みる,15
１/みる,15
はず/続く,15
永遠/みる,15
怪/みる,15
コンタクト/みる,15
殻/みる,15
怪談/みる,15
キッチン/みる,15
たび/みる,15
声/みる,15
バラード/みる,15
冒頭/みる,15
邪魔/みる,15
先生/みる,15
微か/みる,15
途中/みる,15
恵一/みる,15
化粧/みる,15
内容/みる,15
本音/みる,15
いま/みる,15
きっかけ/みる,15
リサ/みる,15
青年/続く,15
診察/みる,15
最終/みる,15
期待/みる,15
お家/みる,15
抽選/みる,15
好き/みる,15
カット/みる,15
歌/続く,15
奇跡/みる,15
なに/続く,15
嫌味/みる,15
灯り/みる,15
空気/みる,15
ユニ/みる,15
曽我部/みる,15
回/みる,15
とき/みる,15
連絡/みる,15
結局/みる,15
つぼみ/みる,15
ユーモア/みる,15
なみ/みる,15
心/続く,15
木/みる,15
パ/みる,15
肌/みる,15
素敵/みる,15
やりとり/みる,15
生活/みる,15
す/みる,15
くん/みる,15
頭/みる,15
記憶/みる,15
目/続く,15
暖房/みる,15
かお/みる,15
苦戦/みる,15
生/みる,15
台湾/みる,15
あら/零れる,14
冒頭/零れる,14
曽我部/零れる,14
角質/零れる,14
簡素/零れる,14
音/零れる,14
人形/痛む,14
かも/痛む,14
コーン/痛む,14
いつ/痛む,14
会/痛む,14
やから/零れる,14
好き/零れる,14
頭/痛む,14
大粒/落とす,14
ユーモア/痛む,14
地面/痛む,14
寒空/痛む,14
木/零れる,14
世界/いく,14
葉っぱ/零れる,14
最近/痛む,14
一/でる,14
うさぎ/痛む,14
パ/零れる,14
ため/痛む,14
大粒/いる,14
映像/痛む,14
嫌/痛む,14
怪談/零れる,14
つぼみ/痛む,14
両手/おちる,14
大粒/ある,14
大会/痛む,14
不明/痛む,14
空気/痛む,14
寒空/できる,14
後ろ/零れる,14
寒空/始める,14
最高/痛む,14
バースデー/いく,14
寒空/ひび割れる,14
なみ/痛む,14
ユーモア/零れる,14
度/ある,14
恵一/零れる,14
声/痛む,14
寒空/かける,14
チリ/零れる,14
あら/痛む,14
度/握りしめる,14
意味/零れる,14
引越し/零れる,14
診察/零れる,14
本音/零れる,14
結局/痛む,14
こちら/痛む,14
掲載/いく,14
かなり/痛む,14
省エネ/零れる,14
レナ/痛む,14
もの/零れる,14
あと/痛む,14
大粒/くれる,14
回/痛む,14
嵐/痛む,14
うさぎ/零れる,14
ため/零れる,14
リサ/痛む,14
最終/痛む,14
微か/零れる,14
生/零れる,14
連絡/零れる,14
プレゼント/痛む,14
寒空/いう,14
台湾/零れる,14
曽我部/痛む,14
こと/零れる,14
ユニ/痛む,14
カタログ/いく,14
おもいで/痛む,14
登録/零れる,14
もの/痛む,14
プレゼント/零れる,14
最後/零れる,14
白壁/零れる,14
かも/零れる,14
カルテット/零れる,14
邪魔/痛む,14
やりとり/零れる,14
肌/痛む,14
度/おちる,14
隙間/おちる,14
本物/痛む,14
化粧/痛む,14
簡素/痛む,14
コンタクト/零れる,14
素敵/痛む,14
やから/痛む,14
省エネ/痛む,14
音/痛む,14
寒空/すむ,14
度/言う,14
いつ/零れる,14
ユニ/零れる,14
度/語る,14
寒空/届く,14
頬/痛む,14
葉っぱ/痛む,14
ともだち/零れる,14
寒空/出す,14
度/いる,14
空気/零れる,14
度/出る,14
す/零れる,14
結局/零れる,14
年生/零れる,14
大粒/話す,14
こちら/零れる,14
僕/痛む,14
やりとり/痛む,14
嫌/零れる,14
怪/痛む,14
度/越える,14
度/とく,14
内容/痛む,14
嫌味/零れる,14
ギター/痛む,14
お家/零れる,14
寒空/くむ,14
お家/痛む,14
殻/痛む,14
こと/痛む,14
ともだち/痛む,14
大会/零れる,14
度/くれる,14
最終/零れる,14
映像/零れる,14
ら/痛む,14
連絡/痛む,14
嘘/零れる,14
メガネ/痛む,14
本音/痛む,14
寒空/紡ぐ,14
寒空/建つ,14
きっかけ/零れる,14
大粒/越える,14
サブ/痛む,14
途中/零れる,14
バラード/痛む,14
メガネ/零れる,14
声/零れる,14
年生/痛む,14
先生/零れる,14
部屋/痛む,14
１/痛む,14
診察/痛む,14
期待/零れる,14
素敵/零れる,14
キッチン/痛む,14
たくさん/いく,14
たび/零れる,14
一つ/いく,14
モード/零れる,14
つぼみ/零れる,14
レナ/零れる,14
キッチン/零れる,14
簡単/痛む,14
記憶/零れる,14
モード/痛む,14
嵐/零れる,14
コーン/零れる,14
灯り/零れる,14
あと/零れる,14
寒空/進む,14
期待/痛む,14
簡単/零れる,14
大粒/とく,14
リサ/零れる,14
家/零れる,14
なみ/零れる,14
結果/零れる,14
大粒/流れる,14
カット/零れる,14
最後/痛む,14
生/痛む,14
寒空/零れる,14
久しぶり/痛む,14
かなり/零れる,14
大粒/言う,14
室/零れる,14
寒空/上げる,14
寒空/こぼれる,14
恵一/痛む,14
大粒/語る,14
結果/痛む,14
家/痛む,14
指/おちる,14
結婚/痛む,14
とき/痛む,14
引越し/痛む,14
バラード/零れる,14
物の怪/零れる,14
部屋/零れる,14
内容/零れる,14
おもいで/零れる,14
僕/零れる,14
度/流れる,14
眼/零れる,14
化粧/零れる,14
殻/零れる,14
白壁/痛む,14
寒空/弾く,14
度/話す,14
かお/零れる,14
くん/痛む,14
ページ/いく,14
ダンス/零れる,14
邪魔/零れる,14
大粒/泣く,14
ら/零れる,14
コンタクト/痛む,14
奇跡/痛む,14
頬/零れる,14
寒空/く,14
ギター/零れる,14
す/痛む,14
色/零れる,14
後ろ/痛む,14
苦戦/零れる,14
生活/零れる,14
好き/痛む,14
回/零れる,14
闇/痛む,14
木/痛む,14
嘘/痛む,14
色/痛む,14
大粒/握りしめる,14
不明/零れる,14
カルテット/痛む,14
頭/零れる,14
途中/痛む,14
微か/痛む,14
怪談/痛む,14
大粒/出る,14
とき/零れる,14
寒空/あふれる,14
いま/痛む,14
灯り/痛む,14
チリ/痛む,14
くん/零れる,14
寒空/だす,14
永遠/痛む,14
寒空/みる,14
永遠/零れる,14
久しぶり/零れる,14
最高/零れる,14
たび/痛む,14
眼/痛む,14
本物/零れる,14
苦戦/痛む,14
１/零れる,14
角質/痛む,14
暖房/零れる,14
寒空/伝える,14
何/おちる,14
ダンス/痛む,14
怪/零れる,14
地面/零れる,14
闇/零れる,14
寒空/信じる,14
度/落とす,14
記憶/痛む,14
嫌味/痛む,14
度/泣く,14
会/零れる,14
さま/痛む,14
サブ/零れる,14
最近/零れる,14
パ/痛む,14
人形/零れる,14
暖房/痛む,14
抽選/痛む,14
寒空/降り注ぐ,14
かお/痛む,14
カット/痛む,14
意味/痛む,14
さま/零れる,14
奇跡/零れる,14
きっかけ/痛む,14
先生/痛む,14
肌/零れる,14
結婚/零れる,14
台湾/痛む,14
寒空/感じる,14
いま/零れる,14
登録/痛む,14
室/痛む,14
抽選/零れる,14
冒頭/痛む,14
物の怪/痛む,14
生活/痛む,14
抽選/はじめる,13
さま/言える,13
ピンク/出す,13
最高/言える,13
殻/はじめる,13
結婚/言える,13
本心/届く,13
コンタクト/言える,13
本心/みる,13
なみ/はじめる,13
先生/言える,13
こちら/言える,13
ここ/届く,13
会/言える,13
物の怪/はじめる,13
本心/始める,13
最終/言える,13
灯り/言える,13
省エネ/言える,13
嘘/はじめる,13
ここ/感じる,13
チリ/はじめる,13
久しぶり/言える,13
やから/言える,13
とき/はじめる,13
かなり/はじめる,13
部屋/言える,13
ピンク/く,13
お家/はじめる,13
ともだち/はじめる,13
期待/言える,13
コンタクト/はじめる,13
邪魔/はじめる,13
バラード/言える,13
人形/言える,13
つぼみ/言える,13
回/はじめる,13
本心/上げる,13
眼/はじめる,13
カット/はじめる,13
ここ/痛む,13
後ろ/はじめる,13
頭/言える,13
灯り/はじめる,13
メガネ/言える,13
ピンク/はじめる,13
もの/言える,13
ここ/弾く,13
大粒/おちる,13
おもいで/はじめる,13
曽我部/言える,13
嵐/はじめる,13
苦戦/はじめる,13
僕/はじめる,13
うさぎ/言える,13
きっかけ/はじめる,13
嘘/言える,13
カルテット/言える,13
怪/はじめる,13
モード/はじめる,13
本心/降り注ぐ,13
さま/はじめる,13
化粧/はじめる,13
本音/はじめる,13
本心/はじめる,13
ここ/進む,13
大会/はじめる,13
カット/言える,13
ここ/いう,13
本心/いう,13
不明/言える,13
ここ/建つ,13
恵一/言える,13
暖房/はじめる,13
本心/進む,13
頭/はじめる,13
奇跡/言える,13
本心/こぼれる,13
つぼみ/はじめる,13
冒頭/はじめる,13
ピンク/進む,13
奇跡/はじめる,13
本心/出す,13
家/言える,13
内容/言える,13
ら/はじめる,13
ここ/はじめる,13
殻/言える,13
ピンク/かける,13
闇/はじめる,13
かお/はじめる,13
連絡/はじめる,13
ピンク/上げる,13
引越し/はじめる,13
ピンク/感じる,13
音/はじめる,13
おもいで/言える,13
ピンク/すむ,13
簡素/言える,13
登録/はじめる,13
コーン/はじめる,13
たび/言える,13
モード/言える,13
ピンク/始める,13
最近/言える,13
ここ/始める,13
恵一/はじめる,13
記憶/はじめる,13
声/はじめる,13
サブ/言える,13
ピンク/言える,13
色/言える,13
本心/かける,13
ここ/降り注ぐ,13
暖房/言える,13
回/言える,13
プレゼント/言える,13
微か/言える,13
す/言える,13
好き/言える,13
本心/弾く,13
声/言える,13
室/はじめる,13
家/はじめる,13
ここ/くむ,13
ギター/言える,13
キッチン/はじめる,13
あら/はじめる,13
カルテット/はじめる,13
好き/はじめる,13
もの/はじめる,13
途中/はじめる,13
怪談/言える,13
久しぶり/はじめる,13
簡素/はじめる,13
いつ/はじめる,13
キッチン/言える,13
結果/言える,13
結局/はじめる,13
闇/言える,13
空気/言える,13
ここ/出す,13
最終/はじめる,13
たび/はじめる,13
本心/すむ,13
かお/言える,13
最近/はじめる,13
生/言える,13
ピンク/信じる,13
ピンク/こぼれる,13
パ/はじめる,13
チリ/言える,13
ピンク/いう,13
本物/言える,13
怪/言える,13
本心/紡ぐ,13
かも/はじめる,13
部屋/はじめる,13
くん/はじめる,13
結果/はじめる,13
１/はじめる,13
本心/建つ,13
本心/ひび割れる,13
かなり/言える,13
ユニ/はじめる,13
室/言える,13
最後/はじめる,13
本物/はじめる,13
寒空/はじめる,13
最後/言える,13
やりとり/言える,13
ピンク/届く,13
ピンク/紡ぐ,13
嫌/言える,13
登録/言える,13
怪談/はじめる,13
サブ/はじめる,13
本心/く,13
邪魔/言える,13
素敵/言える,13
意味/はじめる,13
木/はじめる,13
とき/言える,13
角質/はじめる,13
嫌/はじめる,13
連絡/言える,13
生/はじめる,13
す/はじめる,13
簡単/言える,13
年生/言える,13
素敵/はじめる,13
ここ/できる,13
ピンク/弾く,13
こと/言える,13
映像/はじめる,13
記憶/言える,13
簡単/はじめる,13
生活/言える,13
映像/言える,13
ここ/みる,13
ここ/だす,13
なみ/言える,13
物の怪/言える,13
台湾/言える,13
僕/言える,13
会/はじめる,13
角質/言える,13
人形/はじめる,13
ら/言える,13
ダンス/言える,13
ここ/かける,13
嫌味/はじめる,13
苦戦/言える,13
コーン/言える,13
１/言える,13
嫌味/言える,13
葉っぱ/言える,13
いま/言える,13
あと/言える,13
ここ/伝える,13
空気/はじめる,13
ため/言える,13
くん/言える,13
大会/言える,13
葉っぱ/はじめる,13
曽我部/はじめる,13
プレゼント/はじめる,13
いま/はじめる,13
ユーモア/言える,13
本心/痛む,13
本心/言える,13
ピンク/ひび割れる,13
本心/だす,13
ユニ/言える,13
肌/言える,13
先生/はじめる,13
台湾/はじめる,13
ここ/く,13
引越し/言える,13
地面/はじめる,13
頬/言える,13
白壁/はじめる,13
嵐/言える,13
きっかけ/言える,13
ピンク/痛む,13
ここ/紡ぐ,13
木/言える,13
こちら/はじめる,13
化粧/言える,13
永遠/言える,13
ダンス/はじめる,13
ピンク/降り注ぐ,13
結局/言える,13
診察/言える,13
ここ/ひび割れる,13
頬/はじめる,13
レナ/はじめる,13
ピンク/みる,13
いつ/言える,13
ギター/はじめる,13
ピンク/伝える,13
ここ/信じる,13
口/溢れる,13
ここ/上げる,13
微か/はじめる,13
ここ/言える,13
パ/言える,13
本心/零れる,13
本心/信じる,13
やから/はじめる,13
レナ/言える,13
省エネ/はじめる,13
本心/くむ,13
本心/できる,13
ここ/すむ,13
一/流れ落ちる,13
本心/あふれる,13
不明/はじめる,13
白壁/言える,13
最高/はじめる,13
うさぎ/はじめる,13
本心/伝える,13
抽選/言える,13
ピンク/あふれる,13
ここ/あふれる,13
バラード/はじめる,13
ピンク/建つ,13
あと/はじめる,13
地面/言える,13
眼/言える,13
ここ/零れる,13
リサ/はじめる,13
ユーモア/はじめる,13
かも/言える,13
本心/感じる,13
ため/はじめる,13
色/はじめる,13
途中/言える,13
ピンク/くむ,13
ともだち/言える,13
ピンク/零れる,13
本音/言える,13
後ろ/言える,13
こと/はじめる,13
永遠/はじめる,13
肌/はじめる,13
寒空/言える,13
冒頭/言える,13
ここ/こぼれる,13
音/言える,13
ピンク/できる,13
ピンク/だす,13
メガネ/はじめる,13
年生/はじめる,13
温もり/なる,13
期待/はじめる,13
生活/はじめる,13
あら/言える,13
診察/はじめる,13
やりとり/はじめる,13
結婚/はじめる,13
リサ/言える,13
意味/言える,13
内容/はじめる,13
お家/言える,13
カルテット/動く,12
生/貼れる,12
闇/動く,12
カタログ/れる,12
永遠/動く,12
嘘/貼れる,12
たくさん/れる,12
為/握りしめる,12
あと/貼れる,12
怪談/貼れる,12
こちら/貼れる,12
コーン/動く,12
うさぎ/動く,12
苦戦/貼れる,12
為/越える,12
興奮/はじめる,12
私/溢れる,12
興奮/信じる,12
興奮/動く,12
たくさん/しまう,12
お家/動く,12
本物/貼れる,12
永遠/貼れる,12
興奮/く,12
コンタクト/貼れる,12
恵一/動く,12
回/貼れる,12
興奮/できる,12
奇跡/貼れる,12
ため/動く,12
あまり/すむ,12
眼/動く,12
ここ/貼れる,12
興奮/建つ,12
物の怪/動く,12
キッチン/動く,12
もの/動く,12
チリ/貼れる,12
たび/動く,12
あまり/く,12
興奮/伝える,12
一つ/落ちる,12
最近/動く,12
嘘/動く,12
かも/動く,12
興奮/感じる,12
ユニ/貼れる,12
本心/貼れる,12
モード/動く,12
嫌味/動く,12
レナ/動く,12
あまり/進む,12
邪魔/動く,12
あまり/痛む,12
興奮/降り注ぐ,12
かも/貼れる,12
興奮/言える,12
最終/貼れる,12
結婚/貼れる,12
木/動く,12
興奮/痛む,12
簡素/貼れる,12
パ/貼れる,12
興奮/くむ,12
地面/動く,12
結果/動く,12
なみ/貼れる,12
ともだち/貼れる,12
眼/貼れる,12
ピンク/動く,12
木/貼れる,12
掲載/てる,12
ダンス/貼れる,12
連絡/動く,12
途中/貼れる,12
たび/貼れる,12
カット/貼れる,12
生/動く,12
１/貼れる,12
音/動く,12
あら/動く,12
興奮/零れる,12
もの/貼れる,12
ダンス/動く,12
あまり/あふれる,12
コンタクト/動く,12
本音/動く,12
プレゼント/動く,12
とき/貼れる,12
結局/動く,12
興奮/出す,12
最高/貼れる,12
コーン/貼れる,12
あまり/いう,12
嵐/貼れる,12
後ろ/貼れる,12
世界/しまう,12
す/動く,12
くん/動く,12
結果/貼れる,12
素敵/貼れる,12
好き/貼れる,12
ユーモア/動く,12
葉っぱ/貼れる,12
あまり/感じる,12
興奮/すむ,12
部屋/動く,12
キッチン/貼れる,12
頭/動く,12
為/とく,12
色/動く,12
１/動く,12
さま/貼れる,12
灯り/貼れる,12
殻/貼れる,12
ページ/てる,12
登録/動く,12
生活/貼れる,12
つぼみ/動く,12
音/貼れる,12
メガネ/貼れる,12
こと/貼れる,12
頬/動く,12
地面/貼れる,12
かなり/貼れる,12
やりとり/貼れる,12
おもいで/動く,12
興奮/始める,12
久しぶり/貼れる,12
白壁/動く,12
寒空/貼れる,12
結局/貼れる,12
掲載/れる,12
嫌/動く,12
あまり/貼れる,12
あまり/みる,12
あまり/信じる,12
興奮/弾く,12
ページ/しまう,12
素敵/動く,12
あまり/出す,12
興奮/届く,12
とき/動く,12
嫌/貼れる,12
不明/貼れる,12
怪談/動く,12
あまり/言える,12
抽選/貼れる,12
あまり/始める,12
為/泣く,12
あまり/零れる,12
興奮/進む,12
かお/貼れる,12
微か/動く,12
最後/動く,12
こと/動く,12
興奮/貼れる,12
僕/動く,12
回/動く,12
バースデー/しまう,12
あまり/はじめる,12
室/動く,12
サブ/動く,12
きっかけ/貼れる,12
肌/貼れる,12
声/動く,12
ため/貼れる,12
声/貼れる,12
興奮/みる,12
ら/動く,12
引越し/動く,12
カット/動く,12
なみ/動く,12
台湾/動く,12
家/貼れる,12
バースデー/てる,12
本物/動く,12
メガネ/動く,12
最高/動く,12
角質/貼れる,12
会/貼れる,12
怪/動く,12
生活/動く,12
英語/でる,12
パ/動く,12
白壁/貼れる,12
苦戦/動く,12
殻/動く,12
リサ/貼れる,12
リサ/動く,12
好き/動く,12
冒頭/貼れる,12
あら/貼れる,12
あまり/降り注ぐ,12
あまり/弾く,12
会/動く,12
大会/動く,12
角質/動く,12
大会/貼れる,12
かなり/動く,12
台湾/貼れる,12
人形/貼れる,12
最終/動く,12
引越し/貼れる,12
興奮/ひび割れる,12
人形/動く,12
モード/貼れる,12
カタログ/てる,12
抽選/動く,12
年生/貼れる,12
灯り/動く,12
為/出る,12
あまり/だす,12
診察/動く,12
空気/貼れる,12
ページ/落ちる,12
為/話す,12
為/語る,12
期待/動く,12
一つ/てる,12
意味/動く,12
冒頭/動く,12
かお/動く,12
プレゼント/貼れる,12
奇跡/動く,12
家/動く,12
化粧/貼れる,12
世界/れる,12
部屋/貼れる,12
興奮/あふれる,12
為/言う,12
頭/貼れる,12
あまり/くむ,12
結婚/動く,12
省エネ/動く,12
あまり/こぼれる,12
不明/動く,12
ユニ/動く,12
簡素/動く,12
興奮/上げる,12
年生/動く,12
あまり/ひび割れる,12
葉っぱ/動く,12
内容/貼れる,12
お家/貼れる,12
バラード/貼れる,12
やから/動く,12
映像/動く,12
連絡/貼れる,12
簡単/貼れる,12
登録/貼れる,12
ともだち/動く,12
あまり/動く,12
映像/貼れる,12
興奮/こぼれる,12
ページ/れる,12
為/流れる,12
物の怪/貼れる,12
やりとり/動く,12
興奮/だす,12
あまり/紡ぐ,12
ここ/動く,12
曽我部/動く,12
先生/貼れる,12
たくさん/てる,12
あと/動く,12
カタログ/落ちる,12
チリ/動く,12
最近/貼れる,12
為/おちる,12
ギター/貼れる,12
バースデー/落ちる,12
暖房/動く,12
記憶/貼れる,12
空気/動く,12
本音/貼れる,12
興奮/かける,12
くん/貼れる,12
ギター/動く,12
最後/貼れる,12
いま/貼れる,12
闇/貼れる,12
サブ/貼れる,12
恵一/貼れる,12
怪/貼れる,12
レナ/貼れる,12
本心/動く,12
嵐/動く,12
肌/動く,12
たくさん/落ちる,12
僕/貼れる,12
いつ/動く,12
あまり/建つ,12
興奮/いう,12
世界/てる,12
バースデー/れる,12
つぼみ/貼れる,12
室/貼れる,12
内容/動く,12
あまり/届く,12
おもいで/貼れる,12
邪魔/貼れる,12
やから/貼れる,12
為/ある,12
こちら/動く,12
興奮/紡ぐ,12
意味/貼れる,12
頬/貼れる,12
あまり/かける,12
一つ/しまう,12
化粧/動く,12
簡単/動く,12
色/貼れる,12
カタログ/しまう,12
す/貼れる,12
途中/動く,12
暖房/貼れる,12
いつ/貼れる,12
ら/貼れる,12
久しぶり/動く,12
ユーモア/貼れる,12
いま/動く,12
ピンク/貼れる,12
後ろ/動く,12
記憶/動く,12
診察/貼れる,12
曽我部/貼れる,12
カルテット/貼れる,12
寒空/動く,12
為/いる,12
掲載/しまう,12
為/落とす,12
為/くれる,12
先生/動く,12
あまり/伝える,12
バラード/動く,12
世界/落ちる,12
省エネ/貼れる,12
あまり/上げる,12
きっかけ/動く,12
嫌味/貼れる,12
微か/貼れる,12
一つ/れる,12
期待/貼れる,12
うさぎ/貼れる,12
掲載/落ちる,12
あまり/できる,12
さま/動く,12
温もり/いく,11
一/こめる,11
一/乗る,11
一/壊れる,11
一/出来る,11
カルテット/でる,10
登録/でる,10
最終/流れ落ちる,10
結婚/流れ落ちる,10
英語/出す,10
あまり/流れ落ちる,10
とき/でる,10
リサ/流れ落ちる,10
０/続く,10
す/でる,10
カルテット/流れ落ちる,10
化粧/でる,10
あと/流れ落ちる,10
英語/貼れる,10
プレゼント/でる,10
曽我部/でる,10
冒頭/でる,10
１/流れ落ちる,10
最近/流れ落ちる,10
ピンク/流れ落ちる,10
暖房/でる,10
苦戦/でる,10
素敵/流れ落ちる,10
音/流れ落ちる,10
嘘/流れ落ちる,10
簡素/でる,10
かお/でる,10
声/流れ落ちる,10
順番/続く,10
いつ/流れ落ちる,10
物の怪/でる,10
部屋/流れ落ちる,10
省エネ/でる,10
こと/でる,10
空気/でる,10
永遠/でる,10
本物/でる,10
英語/こぼれる,10
頬/流れ落ちる,10
結局/でる,10
英語/流れ落ちる,10
さま/でる,10
台湾/でる,10
パ/流れ落ちる,10
英語/できる,10
抽選/でる,10
英語/信じる,10
空気/流れ落ちる,10
カット/流れ落ちる,10
家/流れ落ちる,10
あなた/続く,10
怪談/流れ落ちる,10
きっかけ/でる,10
曲/続く,10
英語/零れる,10
ため/でる,10
怪/流れ落ちる,10
やりとり/でる,10
苦戦/流れ落ちる,10
不明/流れ落ちる,10
殻/でる,10
もの/流れ落ちる,10
登録/流れ落ちる,10
ともだち/流れ落ちる,10
連絡/流れ落ちる,10
寒空/でる,10
眼/流れ落ちる,10
こちら/でる,10
本心/でる,10
なみ/でる,10
英語/だす,10
英語/いう,10
こと/流れ落ちる,10
簡単/でる,10
キッチン/流れ落ちる,10
チリ/流れ落ちる,10
寒空/流れ落ちる,10
舞台/続く,10
バラード/でる,10
暖房/流れ落ちる,10
結婚/でる,10
簡素/流れ落ちる,10
ら/でる,10
あまり/でる,10
最高/でる,10
僕/流れ落ちる,10
角質/流れ落ちる,10
メガネ/でる,10
ここ/流れ落ちる,10
なみ/流れ落ちる,10
引越し/流れ落ちる,10
英語/かける,10
回/でる,10
映像/流れ落ちる,10
大会/流れ落ちる,10
英語/みる,10
白壁/流れ落ちる,10
かなり/でる,10
たび/でる,10
英語/届く,10
英語/始める,10
キッチン/でる,10
興奮/流れ落ちる,10
かお/流れ落ちる,10
英語/あふれる,10
コンタクト/流れ落ちる,10
最近/でる,10
声/でる,10
きっかけ/流れ落ちる,10
回/流れ落ちる,10
恵一/でる,10
年生/流れ落ちる,10
おもいで/でる,10
やから/でる,10
内容/流れ落ちる,10
曽我部/流れ落ちる,10
嫌味/流れ落ちる,10
ら/流れ落ちる,10
コーン/でる,10
意味/でる,10
英語/紡ぐ,10
英語/くむ,10
途中/流れ落ちる,10
最高/流れ落ちる,10
生活/流れ落ちる,10
お家/流れ落ちる,10
角質/でる,10
本音/流れ落ちる,10
やから/流れ落ちる,10
先生/流れ落ちる,10
お家/でる,10
英語/動く,10
記憶/でる,10
もの/でる,10
うさぎ/でる,10
映像/でる,10
本音/でる,10
恵一/流れ落ちる,10
大会/でる,10
コーン/流れ落ちる,10
怪談/でる,10
ともだち/でる,10
英語/はじめる,10
意味/流れ落ちる,10
葉っぱ/流れ落ちる,10
年生/でる,10
かなり/流れ落ちる,10
ギター/でる,10
英語/感じる,10
闇/でる,10
やりとり/流れ落ちる,10
色/流れ落ちる,10
くん/流れ落ちる,10
１/でる,10
部屋/でる,10
闇/流れ落ちる,10
たび/流れ落ちる,10
ピンク/でる,10
いつ/でる,10
生/流れ落ちる,10
ダンス/でる,10
ため/流れ落ちる,10
バラード/流れ落ちる,10
連絡/でる,10
最終/でる,10
微か/でる,10
本物/流れ落ちる,10
英語/弾く,10
の/続く,10
木/でる,10
診察/流れ落ちる,10
奇跡/でる,10
カット/でる,10
チリ/でる,10
わたし/続く,10
かも/流れ落ちる,10
色/でる,10
本心/流れ落ちる,10
話/続く,10
灯り/流れ落ちる,10
英語/く,10
室/でる,10
嵐/流れ落ちる,10
地面/流れ落ちる,10
さま/流れ落ちる,10
久しぶり/でる,10
顔/続く,10
地面/でる,10
嫌/流れ落ちる,10
葉っぱ/でる,10
嵐/でる,10
永遠/流れ落ちる,10
音/でる,10
モード/でる,10
化粧/流れ落ちる,10
コンタクト/でる,10
英語/進む,10
こちら/流れ落ちる,10
メガネ/流れ落ちる,10
途中/でる,10
奇跡/流れ落ちる,10
くん/でる,10
頭/でる,10
とき/流れ落ちる,10
いま/流れ落ちる,10
物の怪/流れ落ちる,10
殻/流れ落ちる,10
好き/でる,10
木/流れ落ちる,10
期待/流れ落ちる,10
パ/でる,10
ユニ/流れ落ちる,10
つぼみ/でる,10
会/流れ落ちる,10
英語/建つ,10
簡単/流れ落ちる,10
台湾/流れ落ちる,10
診察/でる,10
後ろ/でる,10
頬/でる,10
好き/流れ落ちる,10
期待/でる,10
抽選/流れ落ちる,10
嘘/でる,10
時/続く,10
ダンス/流れ落ちる,10
結局/流れ落ちる,10
不明/でる,10
撮影/続く,10
室/流れ落ちる,10
家/でる,10
頭/流れ落ちる,10
ユーモア/でる,10
英語/すむ,10
レナ/でる,10
肌/でる,10
人形/流れ落ちる,10
最後/流れ落ちる,10
僕/でる,10
会/でる,10
英語/上げる,10
あと/でる,10
ギター/流れ落ちる,10
怪/でる,10
モード/流れ落ちる,10
レナ/流れ落ちる,10
変/続く,10
感動/続く,10
素敵/でる,10
先生/でる,10
眼/でる,10
最後/でる,10
うさぎ/流れ落ちる,10
あら/でる,10
ユーモア/流れ落ちる,10
英語/痛む,10
子/続く,10
英語/降り注ぐ,10
英語/言える,10
あら/流れ落ちる,10
嫌/でる,10
いま/でる,10
サブ/でる,10
生/でる,10
生活/でる,10
後ろ/流れ落ちる,10
前/続く,10
リサ/でる,10
微か/流れ落ちる,10
嫌味/でる,10
邪魔/でる,10
灯り/でる,10
結果/流れ落ちる,10
省エネ/流れ落ちる,10
冒頭/流れ落ちる,10
英語/伝える,10
引越し/でる,10
邪魔/流れ落ちる,10
つぼみ/流れ落ちる,10
肌/流れ落ちる,10
記憶/流れ落ちる,10
おもいで/流れ落ちる,10
内容/でる,10
す/流れ落ちる,10
ユニ/でる,10
乾燥/続く,10
英語/ひび割れる,10
結果/でる,10
プレゼント/流れ落ちる,10
サブ/流れ落ちる,10
かも/でる,10
興奮/でる,10
久しぶり/流れ落ちる,10
ここ/でる,10
白壁/でる,10
人形/でる,10
両手/でる,9
何/でる,9
度/でる,9
英語/出来る,9
目/溢れる,9
人/溢れる,9
温もり/しまう,9
歌/溢れる,9
温もり/落ちる,9
指/でる,9
はず/溢れる,9
英語/乗る,9
青年/溢れる,9
温もり/てる,9
心/溢れる,9
なに/溢れる,9
温もり/れる,9
さん/溢れる,9
英語/こめる,9
笑/溢れる,9
隙間/でる,9
英語/壊れる,9
隙間/感じる,8
サブ/乗る,8
眼/出来る,8
省エネ/こめる,8
角質/こめる,8
暖房/壊れる,8
カタログ/握りしめる,8
最後/出来る,8
おもいで/乗る,8
ユーモア/壊れる,8
興奮/こめる,8
やから/壊れる,8
掲載/くれる,8
隙間/届く,8
一つ/いる,8
指/紡ぐ,8
隙間/みる,8
隙間/流れ落ちる,8
記憶/乗る,8
こと/こめる,8
ら/乗る,8
台湾/こめる,8
指/届く,8
いつ/こめる,8
指/流れ落ちる,8
化粧/こめる,8
診察/出来る,8
お家/乗る,8
最近/こめる,8
世界/とく,8
指/降り注ぐ,8
コーン/出来る,8
何/ひび割れる,8
最終/こめる,8
意味/乗る,8
ページ/言う,8
バースデー/くれる,8
嘘/こめる,8
ページ/出る,8
何/信じる,8
掲載/いる,8
バースデー/落とす,8
白壁/壊れる,8
お家/壊れる,8
物の怪/こめる,8
両手/だす,8
頬/こめる,8
簡素/出来る,8
何/く,8
回/乗る,8
モード/乗る,8
あと/壊れる,8
眼/壊れる,8
暖房/乗る,8
恵一/出来る,8
バースデー/ある,8
指/言える,8
なみ/こめる,8
やりとり/出来る,8
つぼみ/出来る,8
結果/こめる,8
物の怪/乗る,8
色/出来る,8
プレゼント/こめる,8
後ろ/出来る,8
カット/こめる,8
パ/出来る,8
いつ/出来る,8
チリ/こめる,8
とき/こめる,8
何/できる,8
あら/出来る,8
引越し/こめる,8
木/出来る,8
隙間/出来る,8
何/零れる,8
大粒/でる,8
白壁/乗る,8
木/こめる,8
何/いう,8
両手/紡ぐ,8
隙間/できる,8
バースデー/握りしめる,8
葉っぱ/こめる,8
世界/ある,8
プレゼント/出来る,8
結局/乗る,8
掲載/握りしめる,8
何/出す,8
両手/できる,8
リサ/出来る,8
何/はじめる,8
サブ/壊れる,8
隙間/信じる,8
素敵/壊れる,8
嵐/乗る,8
闇/壊れる,8
とき/出来る,8
掲載/出る,8
結局/壊れる,8
台湾/出来る,8
登録/壊れる,8
最高/こめる,8
掲載/落とす,8
嫌/壊れる,8
嵐/壊れる,8
隙間/あふれる,8
さま/乗る,8
ページ/握りしめる,8
先生/こめる,8
たくさん/泣く,8
嫌味/出来る,8
隙間/貼れる,8
何/壊れる,8
部屋/こめる,8
世界/流れる,8
ため/乗る,8
部屋/出来る,8
たくさん/握りしめる,8
台湾/壊れる,8
いつ/壊れる,8
パ/こめる,8
木/壊れる,8
かなり/出来る,8
かも/出来る,8
あと/こめる,8
両手/すむ,8
ユーモア/出来る,8
カタログ/言う,8
化粧/壊れる,8
両手/届く,8
一つ/流れる,8
何/始める,8
眼/こめる,8
プレゼント/壊れる,8
カタログ/落とす,8
メガネ/壊れる,8
両手/いう,8
苦戦/出来る,8
怪談/乗る,8
掲載/ある,8
指/出す,8
最後/乗る,8
リサ/乗る,8
永遠/壊れる,8
冒頭/乗る,8
音/乗る,8
音/出来る,8
本物/壊れる,8
灯り/こめる,8
レナ/壊れる,8
ページ/話す,8
恵一/乗る,8
怪談/壊れる,8
きっかけ/出来る,8
コーン/乗る,8
カタログ/いる,8
とき/壊れる,8
両手/信じる,8
登録/乗る,8
連絡/こめる,8
指/始める,8
好き/こめる,8
隙間/はじめる,8
１/こめる,8
何/伝える,8
こと/壊れる,8
映像/出来る,8
結婚/出来る,8
最終/乗る,8
空気/壊れる,8
曽我部/出来る,8
たび/壊れる,8
眼/乗る,8
ら/壊れる,8
簡素/壊れる,8
隙間/建つ,8
カタログ/おちる,8
殻/壊れる,8
葉っぱ/乗る,8
音/壊れる,8
おもいで/壊れる,8
結果/壊れる,8
回/こめる,8
リサ/こめる,8
１/出来る,8
映像/壊れる,8
会/こめる,8
奇跡/乗る,8
嘘/出来る,8
かなり/こめる,8
映像/こめる,8
あと/乗る,8
暖房/こめる,8
意味/壊れる,8
葉っぱ/壊れる,8
僕/こめる,8
何/弾く,8
隙間/言える,8
木/乗る,8
カタログ/ある,8
曽我部/壊れる,8
色/壊れる,8
人形/乗る,8
最終/出来る,8
家/壊れる,8
パ/乗る,8
チリ/出来る,8
何/みる,8
何/くむ,8
あまり/こめる,8
嫌味/乗る,8
ダンス/壊れる,8
一つ/おちる,8
うさぎ/壊れる,8
年生/こめる,8
僕/出来る,8
家/こめる,8
バースデー/とく,8
ここ/出来る,8
指/くむ,8
ページ/泣く,8
最高/乗る,8
いま/壊れる,8
寒空/壊れる,8
寒空/出来る,8
ここ/乗る,8
あまり/乗る,8
邪魔/壊れる,8
バースデー/語る,8
登録/出来る,8
先生/出来る,8
後ろ/乗る,8
隙間/動く,8
ともだち/出来る,8
人形/壊れる,8
興奮/壊れる,8
カタログ/出る,8
指/みる,8
本音/こめる,8
隙間/進む,8
最近/乗る,8
引越し/出来る,8
闇/こめる,8
ともだち/乗る,8
最近/出来る,8
カット/壊れる,8
世界/落とす,8
途中/乗る,8
ユニ/壊れる,8
隙間/くむ,8
一つ/落とす,8
一つ/とく,8
何/進む,8
たくさん/話す,8
永遠/出来る,8
たくさん/ある,8
生活/出来る,8
カルテット/乗る,8
コーン/こめる,8
こちら/こめる,8
隙間/紡ぐ,8
指/痛む,8
頭/出来る,8
カタログ/とく,8
さま/壊れる,8
本音/出来る,8
ページ/くれる,8
指/できる,8
バースデー/話す,8
記憶/出来る,8
結婚/壊れる,8
何/感じる,8
生活/壊れる,8
室/壊れる,8
何/言える,8
久しぶり/乗る,8
カタログ/語る,8
指/壊れる,8
苦戦/こめる,8
大会/乗る,8
す/壊れる,8
お家/こめる,8
微か/こめる,8
連絡/乗る,8
診察/乗る,8
寒空/こめる,8
ダンス/出来る,8
ピンク/壊れる,8
怪談/こめる,8
室/こめる,8
部屋/壊れる,8
メガネ/乗る,8
ギター/出来る,8
つぼみ/乗る,8
何/こめる,8
本物/出来る,8
嫌/こめる,8
嵐/こめる,8
肌/出来る,8
怪/こめる,8
角質/乗る,8
なみ/乗る,8
頭/壊れる,8
白壁/出来る,8
地面/乗る,8
掲載/とく,8
殻/こめる,8
指/かける,8
バースデー/流れる,8
何/降り注ぐ,8
世界/出る,8
映像/乗る,8
隙間/こぼれる,8
一つ/越える,8
コンタクト/出来る,8
たくさん/流れる,8
掲載/語る,8
会/出来る,8
意味/こめる,8
両手/零れる,8
ため/出来る,8
内容/出来る,8
生活/こめる,8
角質/壊れる,8
あら/壊れる,8
家/出来る,8
記憶/壊れる,8
奇跡/こめる,8
生活/乗る,8
モード/こめる,8
嫌/乗る,8
カタログ/くれる,8
たくさん/いる,8
レナ/出来る,8
指/ひび割れる,8
指/伝える,8
コンタクト/こめる,8
きっかけ/壊れる,8
嘘/壊れる,8
結婚/こめる,8
生/出来る,8
不明/乗る,8
かお/乗る,8
もの/乗る,8
最後/こめる,8
生/乗る,8
結局/出来る,8
邪魔/こめる,8
素敵/出来る,8
連絡/壊れる,8
地面/出来る,8
ともだち/こめる,8
邪魔/出来る,8
両手/ひび割れる,8
診察/こめる,8
両手/動く,8
両手/流れ落ちる,8
本音/乗る,8
指/すむ,8
部屋/乗る,8
闇/乗る,8
両手/感じる,8
キッチン/壊れる,8
ダンス/こめる,8
何/こぼれる,8
本心/出来る,8
声/こめる,8
カルテット/出来る,8
たくさん/越える,8
たび/出来る,8
バラード/乗る,8
指/動く,8
永遠/こめる,8
一つ/話す,8
怪/壊れる,8
たくさん/くれる,8
両手/進む,8
台湾/乗る,8
嘘/乗る,8
両手/貼れる,8
掲載/泣く,8
キッチン/乗る,8
苦戦/壊れる,8
ここ/壊れる,8
不明/壊れる,8
両手/こぼれる,8
何/あふれる,8
空気/出来る,8
回/壊れる,8
あまり/出来る,8
ユニ/乗る,8
バースデー/越える,8
指/はじめる,8
指/零れる,8
コンタクト/壊れる,8
ページ/おちる,8
何/かける,8
両手/出す,8
指/く,8
内容/壊れる,8
肌/こめる,8
カタログ/泣く,8
たび/こめる,8
素敵/乗る,8
あら/乗る,8
両手/く,8
やりとり/乗る,8
ため/壊れる,8
不明/出来る,8
バースデー/言う,8
両手/壊れる,8
とき/乗る,8
掲載/おちる,8
肌/乗る,8
僕/壊れる,8
結局/こめる,8
興奮/乗る,8
怪/出来る,8
色/こめる,8
ため/こめる,8
世界/越える,8
両手/出来る,8
灯り/出来る,8
かお/こめる,8
世界/いる,8
もの/壊れる,8
レナ/こめる,8
くん/壊れる,8
指/こめる,8
隙間/弾く,8
最高/壊れる,8
隙間/出す,8
空気/乗る,8
たくさん/おちる,8
カタログ/話す,8
隙間/すむ,8
両手/くむ,8
おもいで/出来る,8
モード/壊れる,8
もの/出来る,8
両手/降り注ぐ,8
世界/話す,8
何/届く,8
指/出来る,8
カット/出来る,8
微か/壊れる,8
たくさん/とく,8
バースデー/出る,8
頭/こめる,8
何/動く,8
指/感じる,8
室/出来る,8
後ろ/壊れる,8
カルテット/こめる,8
たくさん/言う,8
さま/出来る,8
嫌味/こめる,8
リサ/壊れる,8
世界/言う,8
指/こぼれる,8
ユニ/出来る,8
結婚/乗る,8
年生/乗る,8
チリ/乗る,8
最終/壊れる,8
かお/出来る,8
つぼみ/壊れる,8
カット/乗る,8
邪魔/乗る,8
省エネ/壊れる,8
なみ/出来る,8
地面/こめる,8
指/進む,8
たくさん/落とす,8
音/こめる,8
ページ/越える,8
何/すむ,8
あまり/壊れる,8
本音/壊れる,8
簡素/乗る,8
きっかけ/乗る,8
苦戦/乗る,8
物の怪/壊れる,8
いま/こめる,8
世界/語る,8
ユニ/こめる,8
あと/出来る,8
記憶/こめる,8
隙間/こめる,8
指/建つ,8
簡素/こめる,8
途中/こめる,8
隙間/始める,8
ギター/こめる,8
年生/壊れる,8
つぼみ/こめる,8
ギター/乗る,8
期待/壊れる,8
うさぎ/出来る,8
簡単/壊れる,8
ページ/いる,8
おもいで/こめる,8
両手/はじめる,8
両手/みる,8
角質/出来る,8
会/乗る,8
ここ/こめる,8
隙間/上げる,8
隙間/いう,8
簡単/乗る,8
簡単/出来る,8
肌/壊れる,8
一つ/ある,8
灯り/壊れる,8
指/あふれる,8
白壁/こめる,8
あら/こめる,8
両手/かける,8
バースデー/いる,8
何/だす,8
ページ/ある,8
隙間/乗る,8
世界/くれる,8
バラード/出来る,8
殻/出来る,8
内容/乗る,8
回/出来る,8
両手/建つ,8
大会/出来る,8
途中/出来る,8
人形/こめる,8
ギター/壊れる,8
冒頭/出来る,8
ピンク/こめる,8
本心/こめる,8
奇跡/壊れる,8
何/貼れる,8
かも/乗る,8
連絡/出来る,8
モード/出来る,8
期待/こめる,8
登録/こめる,8
やりとり/こめる,8
診察/壊れる,8
メガネ/こめる,8
途中/壊れる,8
やから/乗る,8
期待/乗る,8
抽選/乗る,8
曽我部/こめる,8
室/乗る,8
メガネ/出来る,8
声/出来る,8
頭/乗る,8
物の怪/出来る,8
色/乗る,8
ユーモア/こめる,8
永遠/乗る,8
くん/乗る,8
かなり/乗る,8
最後/壊れる,8
何/出来る,8
かも/壊れる,8
最近/壊れる,8
す/こめる,8
好き/出来る,8
ピンク/乗る,8
恵一/壊れる,8
カタログ/越える,8
嵐/出来る,8
結果/乗る,8
こちら/出来る,8
くん/出来る,8
隙間/零れる,8
お家/出来る,8
指/だす,8
先生/壊れる,8
かなり/壊れる,8
簡単/こめる,8
化粧/出来る,8
声/壊れる,8
何/紡ぐ,8
隙間/かける,8
曽我部/乗る,8
一つ/語る,8
大会/こめる,8
嫌味/壊れる,8
暖房/出来る,8
一つ/くれる,8
指/上げる,8
何/建つ,8
かも/こめる,8
何/痛む,8
さま/こめる,8
隙間/痛む,8
恵一/こめる,8
引越し/壊れる,8
ともだち/壊れる,8
こと/出来る,8
たくさん/出る,8
何/乗る,8
世界/握りしめる,8
葉っぱ/出来る,8
空気/こめる,8
寒空/乗る,8
バースデー/泣く,8
一つ/言う,8
会/壊れる,8
奇跡/出来る,8
期待/出来る,8
隙間/伝える,8
何/上げる,8
ページ/語る,8
両手/乗る,8
世界/泣く,8
コンタクト/乗る,8
僕/乗る,8
先生/乗る,8
内容/こめる,8
バースデー/おちる,8
省エネ/出来る,8
冒頭/壊れる,8
両手/痛む,8
声/乗る,8
地面/壊れる,8
素敵/こめる,8
掲載/言う,8
やりとり/壊れる,8
省エネ/乗る,8
コーン/壊れる,8
こちら/壊れる,8
世界/おちる,8
こと/乗る,8
怪/乗る,8
不明/こめる,8
くん/こめる,8
化粧/乗る,8
意味/出来る,8
たくさん/語る,8
きっかけ/こめる,8
バラード/こめる,8
ユーモア/乗る,8
両手/弾く,8
１/壊れる,8
両手/伝える,8
隙間/壊れる,8
久しぶり/こめる,8
頬/壊れる,8
両手/言える,8
隙間/ひび割れる,8
サブ/こめる,8
年生/出来る,8
最高/出来る,8
好き/乗る,8
す/出来る,8
好き/壊れる,8
掲載/越える,8
チリ/壊れる,8
パ/壊れる,8
指/乗る,8
結果/出来る,8
家/乗る,8
ページ/とく,8
指/貼れる,8
掲載/話す,8
ページ/流れる,8
両手/こめる,8
後ろ/こめる,8
指/信じる,8
隙間/だす,8
キッチン/こめる,8
ら/こめる,8
指/弾く,8
サブ/出来る,8
うさぎ/乗る,8
久しぶり/壊れる,8
いま/乗る,8
なみ/壊れる,8
大会/壊れる,8
うさぎ/こめる,8
殻/乗る,8
抽選/出来る,8
す/乗る,8
ら/出来る,8
生/こめる,8
本物/こめる,8
何/流れ落ちる,8
冒頭/こめる,8
もの/こめる,8
本心/壊れる,8
両手/上げる,8
微か/出来る,8
プレゼント/乗る,8
バラード/壊れる,8
一つ/出る,8
抽選/壊れる,8
両手/あふれる,8
掲載/流れる,8
生/壊れる,8
いつ/乗る,8
たび/乗る,8
怪談/出来る,8
こちら/乗る,8
やから/出来る,8
キッチン/出来る,8
一つ/握りしめる,8
久しぶり/出来る,8
灯り/乗る,8
本心/乗る,8
カタログ/流れる,8
いま/出来る,8
カルテット/壊れる,8
やから/こめる,8
引越し/乗る,8
嫌/出来る,8
両手/始める,8
ダンス/乗る,8
抽選/こめる,8
人形/出来る,8
一つ/泣く,8
頬/乗る,8
レナ/乗る,8
かお/壊れる,8
指/いう,8
ピンク/出来る,8
ページ/落とす,8
興奮/出来る,8
頬/出来る,8
一/続く,8
闇/出来る,8
隙間/く,8
本物/乗る,8
微か/乗る,8
隙間/降り注ぐ,8
１/乗る,8
度/動く,7
大粒/始める,7
大粒/できる,7
大粒/信じる,7
度/伝える,7
大粒/いう,7
度/こぼれる,7
度/いう,7
度/できる,7
大粒/建つ,7
度/くむ,7
度/降り注ぐ,7
大粒/壊れる,7
度/ひび割れる,7
度/かける,7
大粒/弾く,7
大粒/上げる,7
大粒/乗る,7
度/すむ,7
大粒/流れ落ちる,7
大粒/く,7
大粒/進む,7
大粒/言える,7
度/出す,7
度/始める,7
度/信じる,7
度/届く,7
大粒/ひび割れる,7
度/はじめる,7
大粒/紡ぐ,7
度/感じる,7
度/弾く,7
大粒/感じる,7
大粒/届く,7
度/上げる,7
大粒/だす,7
大粒/かける,7
大粒/降り注ぐ,7
大粒/こぼれる,7
大粒/出来る,7
大粒/あふれる,7
度/貼れる,7
度/言える,7
度/進む,7
大粒/零れる,7
大粒/伝える,7
度/出来る,7
大粒/痛む,7
度/あふれる,7
度/痛む,7
大粒/すむ,7
度/だす,7
大粒/みる,7
度/続く,7
度/く,7
度/壊れる,7
大粒/出す,7
大粒/こめる,7
大粒/はじめる,7
度/みる,7
度/建つ,7
度/零れる,7
度/こめる,7
度/流れ落ちる,7
大粒/くむ,7
大粒/動く,7
度/乗る,7
度/紡ぐ,7
大粒/貼れる,7
為/でる,7
温もり/くれる,6
為/伝える,6
為/壊れる,6
温もり/出る,6
為/動く,6
温もり/言う,6
為/できる,6
度/溢れる,6
変/溢れる,6
温もり/落とす,6
前/溢れる,6
温もり/語る,6
為/くむ,6
温もり/握りしめる,6
為/く,6
０/溢れる,6
撮影/溢れる,6
為/はじめる,6
為/すむ,6
為/降り注ぐ,6
為/進む,6
曲/溢れる,6
時/溢れる,6
温もり/話す,6
為/紡ぐ,6
為/みる,6
温もり/いる,6
為/痛む,6
為/こぼれる,6
為/だす,6
温もり/とく,6
為/始める,6
為/弾く,6
為/出来る,6
為/言える,6
為/建つ,6
の/溢れる,6
順番/溢れる,6
話/溢れる,6
温もり/越える,6
為/流れ落ちる,6
為/こめる,6
舞台/溢れる,6
為/出す,6
為/かける,6
為/あふれる,6
為/零れる,6
子/溢れる,6
あなた/溢れる,6
英語/続く,6
温もり/おちる,6
温もり/流れる,6
わたし/溢れる,6
為/乗る,6
温もり/泣く,6
為/貼れる,6
感動/溢れる,6
為/感じる,6
一/溢れる,6
温もり/ある,6
為/上げる,6
為/信じる,6
顔/溢れる,6
為/いう,6
乾燥/溢れる,6
為/届く,6
為/ひび割れる,6
やから/続く,5
省エネ/続く,5
期待/続く,5
後ろ/続く,5
サブ/続く,5
途中/続く,5
なみ/続く,5
最後/続く,5
化粧/続く,5
あら/続く,5
モード/続く,5
怪/続く,5
かも/続く,5
奇跡/続く,5
カタログ/でる,5
灯り/続く,5
１/続く,5
バラード/続く,5
白壁/続く,5
ピンク/続く,5
コーン/続く,5
恵一/続く,5
曽我部/続く,5
会/続く,5
簡素/続く,5
もの/続く,5
つぼみ/続く,5
音/続く,5
嫌味/続く,5
不明/続く,5
結婚/続く,5
抽選/続く,5
とき/続く,5
生/続く,5
登録/続く,5
こと/続く,5
年生/続く,5
物の怪/続く,5
カット/続く,5
いま/続く,5
冒頭/続く,5
きっかけ/続く,5
隙間/続く,5
嵐/続く,5
家/続く,5
結果/続く,5
室/続く,5
邪魔/続く,5
最終/続く,5
カルテット/続く,5
微か/続く,5
最近/続く,5
世界/でる,5
色/続く,5
チリ/続く,5
頭/続く,5
生活/続く,5
本心/続く,5
ユニ/続く,5
僕/続く,5
す/続く,5
頬/続く,5
コンタクト/続く,5
ダンス/続く,5
バースデー/でる,5
プレゼント/続く,5
回/続く,5
肌/続く,5
連絡/続く,5
嘘/続く,5
先生/続く,5
記憶/続く,5
寒空/続く,5
ため/続く,5
永遠/続く,5
ギター/続く,5
両手/続く,5
葉っぱ/続く,5
たび/続く,5
眼/続く,5
角質/続く,5
掲載/でる,5
たくさん/でる,5
一つ/でる,5
うさぎ/続く,5
人形/続く,5
本物/続く,5
嫌/続く,5
暖房/続く,5
部屋/続く,5
結局/続く,5
声/続く,5
大会/続く,5
おもいで/続く,5
意味/続く,5
レナ/続く,5
空気/続く,5
大粒/続く,5
台湾/続く,5
怪談/続く,5
木/続く,5
闇/続く,5
パ/続く,5
かお/続く,5
ともだち/続く,5
ら/続く,5
何/続く,5
好き/続く,5
ユーモア/続く,5
あまり/続く,5
診察/続く,5
キッチン/続く,5
いつ/続く,5
簡単/続く,5
さま/続く,5
最高/続く,5
リサ/続く,5
ページ/でる,5
素敵/続く,5
かなり/続く,5
久しぶり/続く,5
ここ/続く,5
興奮/続く,5
為/続く,5
あと/続く,5
こちら/続く,5
メガネ/続く,5
本音/続く,5
引越し/続く,5
殻/続く,5
指/続く,5
やりとり/続く,5
くん/続く,5
苦戦/続く,5
お家/続く,5
内容/続く,5
映像/続く,5
地面/続く,5
ページ/降り注ぐ,4
カタログ/できる,4
世界/く,4
掲載/痛む,4
掲載/零れる,4
ページ/く,4
カタログ/紡ぐ,4
世界/信じる,4
バースデー/あふれる,4
一つ/いう,4
世界/貼れる,4
カタログ/く,4
ページ/すむ,4
ページ/乗る,4
ページ/出す,4
世界/こめる,4
一つ/流れ落ちる,4
世界/感じる,4
ページ/こぼれる,4
バースデー/できる,4
掲載/降り注ぐ,4
世界/出来る,4
掲載/紡ぐ,4
たくさん/出来る,4
たくさん/はじめる,4
バースデー/弾く,4
ページ/はじめる,4
世界/あふれる,4
掲載/かける,4
掲載/弾く,4
ページ/零れる,4
バースデー/建つ,4
バースデー/伝える,4
たくさん/ひび割れる,4
カタログ/始める,4
たくさん/出す,4
バースデー/続く,4
カタログ/貼れる,4
カタログ/零れる,4
カタログ/いう,4
ページ/ひび割れる,4
ページ/届く,4
世界/流れ落ちる,4
たくさん/あふれる,4
掲載/乗る,4
掲載/出す,4
一つ/できる,4
一つ/ひび割れる,4
バースデー/届く,4
掲載/進む,4
掲載/いう,4
ページ/言える,4
たくさん/弾く,4
一つ/出来る,4
バースデー/流れ落ちる,4
カタログ/信じる,4
バースデー/零れる,4
世界/すむ,4
カタログ/流れ落ちる,4
バースデー/すむ,4
英語/溢れる,4
たくさん/こぼれる,4
一つ/くむ,4
掲載/感じる,4
カタログ/伝える,4
掲載/く,4
バースデー/出す,4
たくさん/伝える,4
バースデー/出来る,4
世界/みる,4
一つ/痛む,4
ページ/くむ,4
一つ/始める,4
掲載/できる,4
たくさん/信じる,4
一つ/感じる,4
ページ/始める,4
たくさん/建つ,4
一つ/く,4
ページ/建つ,4
カタログ/みる,4
掲載/だす,4
ページ/紡ぐ,4
掲載/はじめる,4
掲載/みる,4
世界/降り注ぐ,4
一つ/すむ,4
バースデー/ひび割れる,4
ページ/感じる,4
世界/いう,4
世界/壊れる,4
たくさん/言える,4
一つ/紡ぐ,4
カタログ/出す,4
ページ/壊れる,4
たくさん/貼れる,4
バースデー/く,4
たくさん/届く,4
バースデー/感じる,4
掲載/ひび割れる,4
ページ/できる,4
一つ/伝える,4
掲載/壊れる,4
掲載/信じる,4
カタログ/上げる,4
バースデー/痛む,4
たくさん/紡ぐ,4
世界/くむ,4
世界/続く,4
たくさん/動く,4
たくさん/痛む,4
カタログ/くむ,4
一つ/進む,4
一つ/弾く,4
バースデー/はじめる,4
一つ/動く,4
バースデー/乗る,4
一つ/建つ,4
たくさん/壊れる,4
一つ/みる,4
ページ/あふれる,4
たくさん/乗る,4
一つ/こめる,4
ページ/出来る,4
たくさん/いう,4
カタログ/こぼれる,4
一つ/こぼれる,4
掲載/建つ,4
たくさん/始める,4
カタログ/こめる,4
バースデー/信じる,4
世界/乗る,4
ページ/伝える,4
ページ/弾く,4
カタログ/乗る,4
掲載/くむ,4
掲載/続く,4
ページ/痛む,4
ページ/進む,4
カタログ/はじめる,4
たくさん/こめる,4
一つ/だす,4
バースデー/こめる,4
一つ/降り注ぐ,4
世界/出す,4
カタログ/続く,4
世界/かける,4
世界/はじめる,4
ページ/流れ落ちる,4
たくさん/すむ,4
バースデー/貼れる,4
世界/届く,4
一つ/かける,4
世界/進む,4
たくさん/進む,4
たくさん/続く,4
一つ/続く,4
カタログ/感じる,4
世界/できる,4
世界/言える,4
ページ/動く,4
世界/零れる,4
カタログ/ひび割れる,4
掲載/すむ,4
バースデー/くむ,4
世界/弾く,4
掲載/あふれる,4
世界/建つ,4
カタログ/言える,4
世界/こぼれる,4
たくさん/流れ落ちる,4
バースデー/始める,4
たくさん/できる,4
掲載/上げる,4
掲載/届く,4
バースデー/紡ぐ,4
一つ/はじめる,4
一つ/あふれる,4
掲載/こめる,4
世界/だす,4
掲載/伝える,4
バースデー/だす,4
ページ/みる,4
一つ/乗る,4
世界/伝える,4
たくさん/くむ,4
カタログ/だす,4
世界/痛む,4
バースデー/みる,4
ページ/信じる,4
一つ/出す,4
カタログ/届く,4
バースデー/上げる,4
一つ/上げる,4
掲載/貼れる,4
カタログ/あふれる,4
たくさん/上げる,4
たくさん/く,4
世界/始める,4
ページ/続く,4
たくさん/零れる,4
カタログ/すむ,4
掲載/出来る,4
ページ/こめる,4
カタログ/降り注ぐ,4
たくさん/かける,4
バースデー/かける,4
ページ/いう,4
バースデー/動く,4
一つ/零れる,4
一つ/言える,4
一つ/貼れる,4
一つ/壊れる,4
世界/紡ぐ,4
たくさん/感じる,4
ページ/貼れる,4
掲載/始める,4
バースデー/降り注ぐ,4
カタログ/かける,4
カタログ/進む,4
バースデー/壊れる,4
バースデー/こぼれる,4
世界/ひび割れる,4
カタログ/建つ,4
カタログ/痛む,4
掲載/言える,4
世界/動く,4
カタログ/弾く,4
一つ/届く,4
カタログ/動く,4
ページ/かける,4
バースデー/進む,4
一つ/信じる,4
たくさん/みる,4
掲載/流れ落ちる,4
温もり/でる,4
カタログ/壊れる,4
掲載/動く,4
バースデー/いう,4
ページ/上げる,4
たくさん/降り注ぐ,4
バースデー/言える,4
ページ/だす,4
世界/上げる,4
たくさん/だす,4
カタログ/出来る,4
掲載/こぼれる,4
映像/溢れる,3
冒頭/溢れる,3
温もり/出す,3
やから/溢れる,3
モード/溢れる,3
一つ/溢れる,3
殻/溢れる,3
怪/溢れる,3
ともだち/溢れる,3
最終/溢れる,3
温もり/いう,3
かなり/溢れる,3
温もり/できる,3
人形/溢れる,3
温もり/始める,3
掲載/溢れる,3
さま/溢れる,3
温もり/乗る,3
リサ/溢れる,3
ここ/溢れる,3
温もり/出来る,3
くん/溢れる,3
ダンス/溢れる,3
灯り/溢れる,3
好き/溢れる,3
ページ/溢れる,3
色/溢れる,3
いま/溢れる,3
ため/溢れる,3
やりとり/溢れる,3
本音/溢れる,3
角質/溢れる,3
暖房/溢れる,3
バラード/溢れる,3
本物/溢れる,3
引越し/溢れる,3
家/溢れる,3
こちら/溢れる,3
化粧/溢れる,3
なみ/溢れる,3
内容/溢れる,3
意味/溢れる,3
温もり/くむ,3
温もり/進む,3
診察/溢れる,3
温もり/言える,3
ユーモア/溢れる,3
大会/溢れる,3
本心/溢れる,3
回/溢れる,3
途中/溢れる,3
かも/溢れる,3
結局/溢れる,3
メガネ/溢れる,3
ギター/溢れる,3
カタログ/溢れる,3
木/溢れる,3
温もり/届く,3
最後/溢れる,3
ピンク/溢れる,3
興奮/溢れる,3
温もり/溢れる,3
僕/溢れる,3
頭/溢れる,3
怪談/溢れる,3
簡単/溢れる,3
素敵/溢れる,3
頬/溢れる,3
久しぶり/溢れる,3
カルテット/溢れる,3
寒空/溢れる,3
生/溢れる,3
温もり/すむ,3
お家/溢れる,3
部屋/溢れる,3
結婚/溢れる,3
温もり/あふれる,3
たび/溢れる,3
台湾/溢れる,3
レナ/溢れる,3
キッチン/溢れる,3
葉っぱ/溢れる,3
声/溢れる,3
白壁/溢れる,3
サブ/溢れる,3
チリ/溢れる,3
温もり/信じる,3
おもいで/溢れる,3
先生/溢れる,3
ユニ/溢れる,3
温もり/紡ぐ,3
プレゼント/溢れる,3
嘘/溢れる,3
恵一/溢れる,3
バースデー/溢れる,3
肌/溢れる,3
いつ/溢れる,3
曽我部/溢れる,3
温もり/零れる,3
温もり/だす,3
嫌味/溢れる,3
コンタクト/溢れる,3
うさぎ/溢れる,3
微か/溢れる,3
永遠/溢れる,3
大粒/溢れる,3
ら/溢れる,3
温もり/はじめる,3
温もり/く,3
眼/溢れる,3
邪魔/溢れる,3
両手/溢れる,3
隙間/溢れる,3
つぼみ/溢れる,3
指/溢れる,3
温もり/かける,3
地面/溢れる,3
きっかけ/溢れる,3
温もり/動く,3
最高/溢れる,3
会/溢れる,3
かお/溢れる,3
温もり/感じる,3
パ/溢れる,3
あまり/溢れる,3
カット/溢れる,3
とき/溢れる,3
年生/溢れる,3
温もり/上げる,3
省エネ/溢れる,3
温もり/みる,3
抽選/溢れる,3
温もり/痛む,3
不明/溢れる,3
温もり/壊れる,3
何/溢れる,3
温もり/ひび割れる,3
たくさん/溢れる,3
す/溢れる,3
温もり/続く,3
後ろ/溢れる,3
温もり/降り注ぐ,3
温もり/こめる,3
記憶/溢れる,3
連絡/溢れる,3
簡素/溢れる,3
温もり/建つ,3
温もり/流れ落ちる,3
為/溢れる,3
あら/溢れる,3
コーン/溢れる,3
もの/溢れる,3
温もり/貼れる,3
音/溢れる,3
室/溢れる,3
奇跡/溢れる,3
最近/溢れる,3
温もり/こぼれる,3
登録/溢れる,3
苦戦/溢れる,3
嫌/溢れる,3
生活/溢れる,3
嵐/溢れる,3
闇/溢れる,3
温もり/弾く,3
１/溢れる,3
あと/溢れる,3
世界/溢れる,3
期待/溢れる,3
こと/溢れる,3
温もり/伝える,3
物の怪/溢れる,3
空気/溢れる,3
結果/溢れる,3
